{"ood/imagenet_sketch/acc":21.635311143270624,"train/acc":70.9962354862119,"ood/imagenet_a/n_classes":48,"ood/imagenet_a/acc":2.9088913282107574,"ood/imagenet_c_contrast_s3/n_samples":6800,"ood/imagenet_c_contrast_s3/acc":46.25,"ood/imagenet_c_gaussian_noise_s3/loss":2.985718796112958,"ood/imagenet_a/loss":5.477220039597982,"_step":24,"_timestamp":1.7737430621792293e+09,"ood/imagenet_r/acc":11.325325527404866,"ood/imagenet_c_fog_s3/n_samples":6800,"ood/imagenet_c_fog_s3/acc":40.9264705882353,"ood/imagenet_a/n_samples":1822,"val/loss":1.7822894169302548,"ood/imagenet_c_gaussian_noise_s3/acc":37.13235294117647,"ood/imagenet_sketch/loss":3.7894652011943104,"ood/imagenet_r/n_classes":57,"train/loss":1.8574264814268868,"ood/imagenet_sketch/n_samples":6910,"val/acc":73.3529411764706,"_wandb":{"runtime":6243},"ood/imagenet_c_defocus_blur_s3/n_samples":6800,"lr":1e-05,"ood/imagenet_c_defocus_blur_s3/acc":34.338235294117645,"ood/imagenet_sketch/n_classes":136,"_runtime":6243,"ood/imagenet_c/mean_acc":39.661764705882355,"ood/imagenet_c_fog_s3/loss":2.770577875025132,"epoch":25,"ood/imagenet_c_defocus_blur_s3/loss":3.047776419134701,"ood/imagenet_c_gaussian_noise_s3/n_samples":6800,"ood/imagenet_r/loss":4.903183341591849,"ood/imagenet_r/n_samples":9907,"ood/imagenet_c_contrast_s3/loss":2.440732516120462}