{"_timestamp":1.7737506563607337e+09,"_wandb":{"runtime":13801},"ood/imagenet_c_gaussian_noise_s3/n_samples":6800,"ood/imagenet_a/n_classes":48,"ood/imagenet_c_contrast_s3/n_samples":6800,"_step":24,"ood/imagenet_c_fog_s3/loss":3.0060153400196747,"ood/imagenet_r/n_samples":9907,"ood/imagenet_a/n_samples":1822,"ood/imagenet_c_contrast_s3/acc":50.85294117647059,"val/loss":2.1377696059731877,"ood/imagenet_r/loss":4.828892382312473,"ood/imagenet_c_gaussian_noise_s3/loss":3.781803171494428,"ood/imagenet_c_defocus_blur_s3/acc":43.14705882352941,"ood/imagenet_c_fog_s3/acc":31.764705882352942,"ood/imagenet_r/acc":14.706772988795802,"_runtime":13801,"ood/imagenet_c_defocus_blur_s3/loss":2.4405367593204272,"ood/imagenet_c_fog_s3/n_samples":6800,"epoch":25,"ood/imagenet_r/n_classes":57,"ood/imagenet_c_contrast_s3/loss":2.0675802814259248,"train/acc":60.70732039187228,"ood/imagenet_a/acc":3.2381997804610316,"lr":1e-05,"val/acc":63.1764705882353,"ood/imagenet_sketch/acc":18.321273516642545,"ood/imagenet_c/mean_acc":36.77205882352941,"ood/imagenet_sketch/n_samples":6910,"ood/imagenet_sketch/n_classes":136,"ood/imagenet_sketch/loss":4.284769894176213,"ood/imagenet_a/loss":5.427338485529342,"train/loss":2.2236322809892055,"ood/imagenet_c_defocus_blur_s3/n_samples":6800,"ood/imagenet_c_gaussian_noise_s3/acc":21.323529411764707}