{"ood/imagenet_c_contrast_s3/acc":24.044117647058822,"ood/imagenet_c_fog_s3/n_samples":6800,"ood/imagenet_c_gaussian_noise_s3/loss":4.229555367301492,"_wandb":{"runtime":2957},"ood/imagenet_c_gaussian_noise_s3/acc":12.897058823529411,"epoch":6,"ood/imagenet_c_fog_s3/loss":3.606435670291676,"_step":5,"ood/imagenet_c_contrast_s3/loss":3.2711578537436092,"ood/imagenet_c/mean_acc":20.33455882352941,"ood/imagenet_c_defocus_blur_s3/n_samples":6800,"ood/imagenet_c_contrast_s3/n_samples":6800,"ood/imagenet_c_defocus_blur_s3/loss":3.234943470113418,"train/acc":29.40005896226415,"ood/imagenet_c_fog_s3/acc":19.470588235294116,"lr":0.0008658394705735986,"val/acc":36.529411764705884,"_runtime":2957,"_timestamp":1.7736691624323967e+09,"train/loss":3.388652031930334,"ood/imagenet_c_gaussian_noise_s3/n_samples":6800,"ood/imagenet_c_defocus_blur_s3/acc":24.926470588235293,"val/loss":3.0753484479118796}