{"ood/imagenet_c_defocus_blur_s3/n_samples":6800,"epoch":1,"ood/imagenet_c_contrast_s3/n_samples":6800,"ood/imagenet_c_contrast_s3/loss":4.87009079764871,"_wandb":{"runtime":434},"val/loss":4.142896984324736,"_runtime":434,"ood/imagenet_c_fog_s3/loss":4.5853801379484285,"ood/imagenet_c_gaussian_noise_s3/n_samples":6800,"_timestamp":1.7736660899812334e+09,"ood/imagenet_c_gaussian_noise_s3/loss":4.490646796506994,"ood/imagenet_c_contrast_s3/acc":5.073529411764706,"train/loss":4.527885891010523,"val/acc":11.897058823529411,"ood/imagenet_c_defocus_blur_s3/loss":4.528114978565889,"ood/imagenet_c_gaussian_noise_s3/acc":6.485294117647059,"ood/imagenet_c_defocus_blur_s3/acc":6.088235294117647,"train/acc":6.4291545718432515,"ood/imagenet_c_fog_s3/n_samples":6800,"lr":0.0009960967771506667,"ood/imagenet_c_fog_s3/acc":5.338235294117647,"_step":0,"ood/imagenet_c/mean_acc":5.746323529411765}