{
  "ood/imagenet_r/acc": 14.737054607853032,
  "ood/imagenet_r/loss": 4.823778619676711,
  "ood/imagenet_r/n_samples": 9907,
  "ood/imagenet_r/n_classes": 57,
  "ood/imagenet_sketch/acc": 18.683068017366136,
  "ood/imagenet_sketch/loss": 4.155129909239354,
  "ood/imagenet_sketch/n_samples": 6910,
  "ood/imagenet_sketch/n_classes": 136,
  "ood/imagenet_a/acc": 3.841931942919868,
  "ood/imagenet_a/loss": 5.437109600176011,
  "ood/imagenet_a/n_samples": 1822,
  "ood/imagenet_a/n_classes": 48
}