{
  "ood/imagenet_r/acc": 12.536590289694155,
  "ood/imagenet_r/loss": 4.947522408427751,
  "ood/imagenet_r/n_samples": 9907,
  "ood/imagenet_r/n_classes": 57,
  "ood/imagenet_sketch/acc": 14.500723589001447,
  "ood/imagenet_sketch/loss": 4.467144148118589,
  "ood/imagenet_sketch/n_samples": 6910,
  "ood/imagenet_sketch/n_classes": 136,
  "ood/imagenet_a/acc": 3.512623490669594,
  "ood/imagenet_a/loss": 5.388334607188186,
  "ood/imagenet_a/n_samples": 1822,
  "ood/imagenet_a/n_classes": 48
}