{"lr":1.3903222849333509e-05,"ood/imagenet_c/mean_acc":39.154411764705884,"train/loss":1.871162492062772,"ood/imagenet_c_fog_s3/loss":2.756702054528629,"ood/imagenet_c_gaussian_noise_s3/acc":36.25,"ood/imagenet_c_contrast_s3/n_samples":6800,"epoch":24,"ood/imagenet_c_fog_s3/acc":41.1764705882353,"val/acc":73.11764705882354,"ood/imagenet_c_gaussian_noise_s3/n_samples":6800,"_step":23,"_runtime":5678,"val/loss":1.7834888447032256,"ood/imagenet_c_contrast_s3/loss":2.425273069493911,"ood/imagenet_c_fog_s3/n_samples":6800,"ood/imagenet_c_defocus_blur_s3/loss":3.0603104423074163,"ood/imagenet_c_defocus_blur_s3/n_samples":6800,"_wandb":{"runtime":5678},"ood/imagenet_c_defocus_blur_s3/acc":33.30882352941177,"train/acc":70.60277576197387,"_timestamp":1.7736613958740404e+09,"ood/imagenet_c_contrast_s3/acc":45.88235294117647,"ood/imagenet_c_gaussian_noise_s3/loss":3.019113894069896}