{"lr":1e-05,"ood/imagenet_sketch/acc":14.500723589001447,"ood/imagenet_a/n_samples":1822,"_wandb":{"runtime":13803},"ood/imagenet_sketch/n_samples":6910,"train/loss":2.347218285105225,"ood/imagenet_r/acc":12.940345210457252,"val/loss":2.2614826533373664,"ood/imagenet_c_contrast_s3/n_samples":6800,"ood/imagenet_c_fog_s3/n_samples":6800,"ood/imagenet_c_gaussian_noise_s3/loss":3.800876209034639,"ood/imagenet_c_contrast_s3/loss":2.3793221024905935,"ood/imagenet_c_fog_s3/acc":25.441176470588236,"ood/imagenet_a/acc":3.5675082327113063,"ood/imagenet_c_defocus_blur_s3/loss":2.5842400360107423,"_timestamp":1.7737506563113403e+09,"ood/imagenet_c/mean_acc":32.57720588235294,"ood/imagenet_r/n_classes":57,"ood/imagenet_c_contrast_s3/acc":43.61764705882353,"train/acc":57.21380624092888,"ood/imagenet_a/n_classes":48,"ood/imagenet_r/n_samples":9907,"ood/imagenet_sketch/n_classes":136,"ood/imagenet_c_fog_s3/loss":3.3130061071059282,"ood/imagenet_c_gaussian_noise_s3/acc":21.25,"ood/imagenet_c_defocus_blur_s3/n_samples":6800,"ood/imagenet_sketch/loss":4.470972475474202,"epoch":25,"ood/imagenet_a/loss":5.441869808473388,"ood/imagenet_r/loss":4.94019259099247,"val/acc":59.955882352941174,"ood/imagenet_c_defocus_blur_s3/acc":40,"ood/imagenet_c_gaussian_noise_s3/n_samples":6800,"_runtime":13803,"_step":24}