{"train/acc":0.7064132801161103,"ood/imagenet_c_fog_s3/n_samples":6800,"ood/imagenet_c_fog_s3/acc":0.7352941176470589,"epoch":6,"ood/imagenet_c_contrast_s3/n_samples":6800,"ood/imagenet_c_contrast_s3/loss":4.912913602941177,"ood/imagenet_c_defocus_blur_s3/n_samples":6800,"train/loss":4.91294207524492,"ood/imagenet_c_gaussian_noise_s3/loss":4.912913602941177,"_timestamp":1.773670028054881e+09,"_runtime":3447,"ood/imagenet_c_gaussian_noise_s3/n_samples":6800,"ood/imagenet_c_defocus_blur_s3/acc":0.7352941176470589,"_step":5,"val/acc":0.7352941176470589,"ood/imagenet_c_defocus_blur_s3/loss":4.912913602941177,"ood/imagenet_c_fog_s3/loss":4.912913602941177,"val/loss":4.912913685966941,"ood/imagenet_c/mean_acc":0.7352941176470589,"lr":0.0008658394705735986,"ood/imagenet_c_contrast_s3/acc":0.7352941176470589,"_wandb":{"runtime":3447},"ood/imagenet_c_gaussian_noise_s3/acc":0.7352941176470589}