{
  "ood/imagenet_r/acc": 2.6546886040173616,
  "ood/imagenet_a/acc": 4.226125137211855,
  "ood/imagenet_sketch/acc": 0.723589001447178,
  "ood/imagenet_c/mean_acc": 0.7352941176470589,
  "ood/imagenet_c_gaussian_noise_s3/acc": 0.7352941176470589,
  "ood/imagenet_c_fog_s3/acc": 0.7352941176470589,
  "ood/imagenet_c_defocus_blur_s3/acc": 0.7352941176470589,
  "ood/imagenet_c_contrast_s3/acc": 0.7352941176470589
}