{"ood/imagenet_c_defocus_blur_s3/loss":2.8570978815415327,"ood/imagenet_c_gaussian_noise_s3/n_samples":6800,"ood/imagenet_c_contrast_s3/n_samples":6800,"train/loss":2.443442822194757,"ood/imagenet_c_fog_s3/n_samples":6800,"ood/imagenet_sketch/n_classes":136,"ood/imagenet_c_gaussian_noise_s3/loss":4.181787281597362,"_wandb":{"runtime":8208},"lr":1e-05,"ood/imagenet_r/n_classes":57,"ood/imagenet_c_contrast_s3/loss":2.415599194694968,"ood/imagenet_r/n_samples":9907,"ood/imagenet_sketch/loss":4.4671247207652645,"ood/imagenet_sketch/n_samples":6910,"_step":24,"ood/imagenet_c_fog_s3/acc":24.764705882352942,"train/acc":54.45505261248186,"val/loss":2.3233298638287714,"ood/imagenet_a/loss":5.388338560068777,"ood/imagenet_c_defocus_blur_s3/acc":33.838235294117645,"ood/imagenet_a/n_samples":1822,"ood/imagenet_c/mean_acc":29.261029411764707,"epoch":25,"val/acc":58.161764705882355,"ood/imagenet_a/n_classes":48,"ood/imagenet_c_fog_s3/loss":3.3775688451879167,"ood/imagenet_sketch/acc":14.500723589001447,"ood/imagenet_r/loss":4.947510513730375,"ood/imagenet_r/acc":12.506308670636923,"ood/imagenet_a/acc":3.512623490669594,"ood/imagenet_c_gaussian_noise_s3/acc":15.647058823529411,"ood/imagenet_c_defocus_blur_s3/n_samples":6800,"_timestamp":1.7737450783681643e+09,"ood/imagenet_c_contrast_s3/acc":42.794117647058826,"_runtime":8208}