{"_wandb":{"runtime":5455},"ood/imagenet_c_contrast_s3/loss":2.4434618579640106,"_runtime":5455,"epoch":23,"ood/imagenet_c_fog_s3/n_samples":6800,"lr":2.5551335241327672e-05,"ood/imagenet_c_fog_s3/loss":2.778737667308134,"ood/imagenet_c_contrast_s3/n_samples":6800,"train/loss":1.8663034203782656,"_step":22,"ood/imagenet_c_contrast_s3/acc":45.73529411764706,"_timestamp":1.773661230433694e+09,"ood/imagenet_c_gaussian_noise_s3/loss":3.0424303655063403,"ood/imagenet_c/mean_acc":39.080882352941174,"ood/imagenet_c_defocus_blur_s3/n_samples":6800,"ood/imagenet_c_defocus_blur_s3/acc":34.14705882352941,"ood/imagenet_c_gaussian_noise_s3/acc":36.38235294117647,"ood/imagenet_c_defocus_blur_s3/loss":3.0575904919119443,"ood/imagenet_c_fog_s3/acc":40.05882352941177,"val/loss":1.7842207123251523,"train/acc":70.703125,"ood/imagenet_c_gaussian_noise_s3/n_samples":6800,"val/acc":72.66176470588235}