{"ood/imagenet_r/n_samples":9907,"ood/imagenet_a/acc":3.2381997804610316,"ood/imagenet_c_fog_s3/loss":2.7848016138637766,"epoch":25,"_runtime":10006,"ood/imagenet_c_defocus_blur_s3/acc":34.0735294117647,"ood/imagenet_c_gaussian_noise_s3/acc":14.838235294117647,"ood/imagenet_c_defocus_blur_s3/n_samples":6800,"_timestamp":1.773746849375743e+09,"ood/imagenet_c_contrast_s3/loss":2.315443056050469,"ood/imagenet_sketch/acc":19.811866859623734,"ood/imagenet_c_gaussian_noise_s3/n_samples":6800,"_step":24,"ood/imagenet_c_defocus_blur_s3/loss":2.841517766503727,"ood/imagenet_c_contrast_s3/n_samples":6800,"ood/imagenet_a/loss":5.482272870977676,"ood/imagenet_c_gaussian_noise_s3/loss":4.279008147295784,"ood/imagenet_c_fog_s3/n_samples":6800,"ood/imagenet_c_fog_s3/acc":35.98529411764706,"ood/imagenet_a/n_samples":1822,"lr":1e-05,"train/acc":55.81855497097242,"ood/imagenet_a/n_classes":48,"ood/imagenet_r/n_classes":57,"train/loss":2.3940642291817853,"val/acc":58.75,"ood/imagenet_r/loss":4.826813705997269,"ood/imagenet_r/acc":13.909357020288684,"ood/imagenet_c_contrast_s3/acc":44.25,"ood/imagenet_sketch/n_classes":136,"_wandb":{"runtime":10006},"ood/imagenet_sketch/n_samples":6910,"ood/imagenet_sketch/loss":4.0026227347930154,"ood/imagenet_c/mean_acc":32.28676470588235,"val/loss":2.277738276088939}