{"ood/imagenet_c/mean_acc":16.202205882352942,"val/loss":2.8768342006907743,"train/loss":3.2113992057102685,"ood/imagenet_c_gaussian_noise_s3/acc":14.764705882352942,"ood/imagenet_c_contrast_s3/loss":3.770961748010972,"ood/imagenet_c_fog_s3/n_samples":6800,"ood/imagenet_c_fog_s3/acc":19.397058823529413,"_wandb":{"runtime":3105},"ood/imagenet_c_gaussian_noise_s3/n_samples":6800,"train/acc":33.60338806240929,"epoch":5,"_timestamp":1.7736611448545449e+09,"ood/imagenet_c_contrast_s3/acc":16.544117647058822,"lr":0.0009054634122155989,"val/acc":41.338235294117645,"ood/imagenet_c_defocus_blur_s3/loss":3.9769953963335825,"ood/imagenet_c_contrast_s3/n_samples":6800,"_step":4,"_runtime":3105,"ood/imagenet_c_gaussian_noise_s3/loss":4.051369258656221,"ood/imagenet_c_defocus_blur_s3/acc":14.102941176470589,"ood/imagenet_c_fog_s3/loss":3.6545903822954964,"ood/imagenet_c_defocus_blur_s3/n_samples":6800}