{"ood/imagenet_c_defocus_blur_s3/acc":33.19117647058823,"ood/imagenet_c_contrast_s3/n_samples":6800,"ood/imagenet_c_gaussian_noise_s3/acc":15.617647058823529,"train/loss":2.6091926917974417,"ood/imagenet_c_fog_s3/n_samples":6800,"_runtime":5961,"ood/imagenet_c_contrast_s3/loss":2.1973292216132667,"_timestamp":1.773661924820889e+09,"val/acc":54.9264705882353,"ood/imagenet_c_defocus_blur_s3/loss":2.8589710016811596,"lr":0.00018947512507439852,"ood/imagenet_c_gaussian_noise_s3/loss":4.070003124124864,"ood/imagenet_c_defocus_blur_s3/n_samples":6800,"ood/imagenet_c_fog_s3/acc":32.23529411764706,"epoch":18,"_wandb":{"runtime":5961},"train/acc":49.35141509433962,"ood/imagenet_c_contrast_s3/acc":46.205882352941174,"ood/imagenet_c/mean_acc":31.812499999999996,"_step":17,"ood/imagenet_c_gaussian_noise_s3/n_samples":6800,"val/loss":2.4091955241035015,"ood/imagenet_c_fog_s3/loss":2.8939983463287353}