{"_wandb":{"runtime":2947},"_step":5,"val/acc":35.51470588235294,"ood/imagenet_c_gaussian_noise_s3/n_samples":6800,"ood/imagenet_c_defocus_blur_s3/acc":23.75,"ood/imagenet_c_fog_s3/loss":3.5608478972491096,"ood/imagenet_c_fog_s3/n_samples":6800,"lr":0.0008658394705735986,"val/loss":3.142960999432732,"ood/imagenet_c_gaussian_noise_s3/loss":4.49715962858761,"_timestamp":1.7736691323885615e+09,"ood/imagenet_c_defocus_blur_s3/loss":3.331360705319573,"train/loss":3.4437264717888243,"ood/imagenet_c_contrast_s3/acc":24.044117647058822,"train/acc":28.01728047895501,"_runtime":2947,"ood/imagenet_c_contrast_s3/n_samples":6800,"ood/imagenet_c_gaussian_noise_s3/acc":11.985294117647058,"ood/imagenet_c/mean_acc":19.952205882352942,"ood/imagenet_c_fog_s3/acc":20.029411764705884,"ood/imagenet_c_defocus_blur_s3/n_samples":6800,"epoch":6,"ood/imagenet_c_contrast_s3/loss":3.303804058748133}