{"ood/imagenet_c_fog_s3/loss":2.287727939381319,"val/loss":1.7247153983396641,"_timestamp":1.77374917457082e+09,"lr":1e-05,"ood/imagenet_sketch/n_classes":136,"ood/imagenet_c_contrast_s3/loss":2.3454190411287197,"ood/imagenet_r/n_samples":9907,"ood/imagenet_a/n_samples":1822,"train/loss":1.839038333975871,"ood/imagenet_a/acc":4.061470911086718,"ood/imagenet_r/acc":18.66357121227415,"_runtime":12296,"val/acc":74.6470588235294,"ood/imagenet_c_contrast_s3/acc":44.455882352941174,"ood/imagenet_r/loss":4.5240422255386195,"ood/imagenet_c_defocus_blur_s3/acc":39.779411764705884,"ood/imagenet_c_gaussian_noise_s3/loss":3.240451521031997,"epoch":25,"ood/imagenet_a/n_classes":48,"ood/imagenet_c/mean_acc":39.95220588235294,"train/acc":71.68507347605225,"ood/imagenet_sketch/n_samples":6910,"ood/imagenet_sketch/loss":3.7555894134013594,"ood/imagenet_r/n_classes":57,"ood/imagenet_c_fog_s3/acc":46.088235294117645,"ood/imagenet_a/loss":5.333533142583954,"ood/imagenet_c_gaussian_noise_s3/acc":29.485294117647058,"ood/imagenet_sketch/acc":25.195369030390736,"ood/imagenet_c_defocus_blur_s3/n_samples":6800,"_wandb":{"runtime":12296},"ood/imagenet_c_contrast_s3/n_samples":6800,"_step":24,"ood/imagenet_c_gaussian_noise_s3/n_samples":6800,"ood/imagenet_c_fog_s3/n_samples":6800,"ood/imagenet_c_defocus_blur_s3/loss":2.6031066557940314}