{"val/loss":1.7542382795670453,"ood/imagenet_a/acc":2.5246981339187706,"ood/imagenet_c_defocus_blur_s3/acc":34.705882352941174,"ood/imagenet_sketch/n_samples":6910,"ood/imagenet_c_gaussian_noise_s3/loss":3.030276352938484,"_step":24,"ood/imagenet_sketch/n_classes":136,"_runtime":6078,"ood/imagenet_c_contrast_s3/loss":2.3703868950114533,"ood/imagenet_r/acc":11.819925305339659,"lr":1e-05,"ood/imagenet_c_gaussian_noise_s3/acc":37.0735294117647,"ood/imagenet_r/n_classes":57,"ood/imagenet_c_fog_s3/n_samples":6800,"train/loss":1.8285588899786829,"ood/imagenet_sketch/loss":3.6952281141764174,"val/acc":73.76470588235294,"ood/imagenet_c_contrast_s3/acc":47.470588235294116,"ood/imagenet_r/loss":4.831547918287935,"ood/imagenet_sketch/acc":23.719247467438496,"ood/imagenet_c_gaussian_noise_s3/n_samples":6800,"ood/imagenet_r/n_samples":9907,"ood/imagenet_a/n_classes":48,"ood/imagenet_c_contrast_s3/n_samples":6800,"ood/imagenet_a/loss":5.427670559427741,"train/acc":71.94246643686502,"ood/imagenet_c_defocus_blur_s3/loss":3.0377426523320814,"_timestamp":1.7737428951156223e+09,"ood/imagenet_c_fog_s3/acc":41.86764705882353,"_wandb":{"runtime":6078},"ood/imagenet_c/mean_acc":40.279411764705884,"ood/imagenet_a/n_samples":1822,"epoch":25,"ood/imagenet_c_fog_s3/loss":2.7455678984698126,"ood/imagenet_c_defocus_blur_s3/n_samples":6800}