{"ood/imagenet_c_contrast_s3/acc":29.691176470588236,"ood/imagenet_c_defocus_blur_s3/n_samples":6800,"train/acc":38.239863026124816,"val/loss":2.822736836601706,"_wandb":{"runtime":5791},"ood/imagenet_c_fog_s3/loss":3.325874043071971,"ood/imagenet_c_defocus_blur_s3/acc":27.38235294117647,"ood/imagenet_c_defocus_blur_s3/loss":3.1678771473379697,"_runtime":5791,"ood/imagenet_c_fog_s3/n_samples":6800,"train/loss":3.031685130170537,"_timestamp":1.7736614303580348e+09,"val/acc":43.60294117647059,"ood/imagenet_c/mean_acc":24.21323529411765,"lr":0.00023976573648539648,"_step":16,"ood/imagenet_c_gaussian_noise_s3/n_samples":6800,"epoch":17,"ood/imagenet_c_gaussian_noise_s3/acc":16.455882352941178,"ood/imagenet_c_gaussian_noise_s3/loss":3.97694530767553,"ood/imagenet_c_fog_s3/acc":23.323529411764707,"ood/imagenet_c_contrast_s3/n_samples":6800,"ood/imagenet_c_contrast_s3/loss":2.992326956356273}