{"ood/imagenet_c_fog_s3/n_samples":6800,"val/loss":4.752928152645335,"_step":0,"val/acc":2.6176470588235294,"train/loss":4.897609760522497,"ood/imagenet_c_contrast_s3/n_samples":6800,"ood/imagenet_c/mean_acc":2.2205882352941178,"_wandb":{"runtime":517},"ood/imagenet_c_gaussian_noise_s3/loss":4.716483227224911,"ood/imagenet_c_fog_s3/acc":1.2352941176470589,"_timestamp":1.77366612078698e+09,"ood/imagenet_c_gaussian_noise_s3/n_samples":6800,"epoch":1,"ood/imagenet_c_contrast_s3/loss":4.750643528209013,"ood/imagenet_c_gaussian_noise_s3/acc":2.7941176470588234,"ood/imagenet_c_defocus_blur_s3/loss":4.725801063986386,"ood/imagenet_c_defocus_blur_s3/acc":2.588235294117647,"ood/imagenet_c_contrast_s3/acc":2.264705882352941,"_runtime":517,"ood/imagenet_c_fog_s3/loss":4.876653832828297,"train/acc":1.214395863570392,"lr":0.0009960967771506667,"ood/imagenet_c_defocus_blur_s3/n_samples":6800}