{
  "ood/imagenet_r/acc": 19.24901584738064,
  "ood/imagenet_r/loss": 4.438119990584756,
  "ood/imagenet_r/n_samples": 9907,
  "ood/imagenet_r/n_classes": 57,
  "ood/imagenet_sketch/acc": 25.991316931982634,
  "ood/imagenet_sketch/loss": 3.6834781316875893,
  "ood/imagenet_sketch/n_samples": 6910,
  "ood/imagenet_sketch/n_classes": 136,
  "ood/imagenet_a/acc": 4.7200878155872665,
  "ood/imagenet_a/loss": 5.325154376736587,
  "ood/imagenet_a/n_samples": 1822,
  "ood/imagenet_a/n_classes": 48
}