{
  "ood/imagenet_r/acc": 12.576965781770465,
  "ood/imagenet_r/loss": 4.913012449370993,
  "ood/imagenet_r/n_samples": 9907,
  "ood/imagenet_r/n_classes": 57,
  "ood/imagenet_sketch/acc": 15.369030390738061,
  "ood/imagenet_sketch/loss": 4.360861350002923,
  "ood/imagenet_sketch/n_samples": 6910,
  "ood/imagenet_sketch/n_classes": 136,
  "ood/imagenet_a/acc": 3.1833150384193196,
  "ood/imagenet_a/loss": 5.3802791081458885,
  "ood/imagenet_a/n_samples": 1822,
  "ood/imagenet_a/n_classes": 48
}