{"val/acc":42.69117647058823,"train/acc":34.809846698113205,"ood/imagenet_c_fog_s3/n_samples":6800,"ood/imagenet_c_contrast_s3/n_samples":6800,"epoch":5,"_step":4,"train/loss":3.1644653851823294,"ood/imagenet_c_gaussian_noise_s3/acc":12.632352941176471,"ood/imagenet_c_defocus_blur_s3/acc":13.044117647058824,"ood/imagenet_c/mean_acc":17.106617647058826,"ood/imagenet_c_fog_s3/acc":24.279411764705884,"_timestamp":1.773661146342254e+09,"ood/imagenet_c_contrast_s3/acc":18.470588235294116,"val/loss":2.822996623656329,"ood/imagenet_c_defocus_blur_s3/n_samples":6800,"ood/imagenet_c_gaussian_noise_s3/loss":4.307440347110524,"ood/imagenet_c_contrast_s3/loss":3.591240784140194,"_runtime":3112,"ood/imagenet_c_gaussian_noise_s3/n_samples":6800,"ood/imagenet_c_defocus_blur_s3/loss":4.06460849537569,"lr":0.0009054634122155989,"_wandb":{"runtime":3112},"ood/imagenet_c_fog_s3/loss":3.282929817648495}