{"ood/imagenet_c_contrast_s3/acc":33.63235294117647,"ood/imagenet_c_defocus_blur_s3/acc":26.205882352941178,"ood/imagenet_c_contrast_s3/loss":2.9592141701193415,"ood/imagenet_c_contrast_s3/n_samples":6800,"_runtime":3011,"train/acc":53.6131395137881,"ood/imagenet_c_fog_s3/n_samples":6800,"ood/imagenet_c/mean_acc":29.92647058823529,"_timestamp":1.7736693747220244e+09,"_step":10,"val/acc":56.64705882352941,"val/loss":2.2999923526539523,"ood/imagenet_c_defocus_blur_s3/n_samples":6800,"ood/imagenet_c_defocus_blur_s3/loss":3.41492867974674,"ood/imagenet_c_fog_s3/acc":31.102941176470587,"ood/imagenet_c_fog_s3/loss":3.168100408105289,"ood/imagenet_c_gaussian_noise_s3/n_samples":6800,"_wandb":{"runtime":3011},"ood/imagenet_c_gaussian_noise_s3/acc":28.764705882352942,"lr":0.0005977537507199336,"train/loss":2.4602860449360486,"ood/imagenet_c_gaussian_noise_s3/loss":3.305800152385936,"epoch":11}