{"lr":0.00053608130716701,"_timestamp":1.7736616422362554e+09,"ood/imagenet_c_gaussian_noise_s3/acc":17.102941176470587,"ood/imagenet_c_defocus_blur_s3/acc":28.705882352941178,"ood/imagenet_c_defocus_blur_s3/n_samples":6800,"ood/imagenet_c_contrast_s3/acc":31.41176470588235,"epoch":12,"ood/imagenet_c_fog_s3/loss":3.310347776973949,"_runtime":4887,"ood/imagenet_c_contrast_s3/n_samples":6800,"_step":11,"val/acc":48.705882352941174,"val/loss":2.6473318245831656,"ood/imagenet_c_contrast_s3/loss":2.9395454855526193,"ood/imagenet_c/mean_acc":25.573529411764707,"train/acc":42.039527394775035,"ood/imagenet_c_fog_s3/n_samples":6800,"ood/imagenet_c_fog_s3/acc":25.073529411764707,"ood/imagenet_c_gaussian_noise_s3/n_samples":6800,"train/loss":2.8901400849850325,"ood/imagenet_c_defocus_blur_s3/loss":3.044058396395515,"_wandb":{"runtime":4887},"ood/imagenet_c_gaussian_noise_s3/loss":3.9861775291667265}