{"ood/imagenet_c_defocus_blur_s3/acc":2,"val/acc":2,"train/loss":4.917940757098149,"ood/imagenet_c_contrast_s3/loss":4.790843287075267,"ood/imagenet_c_fog_s3/loss":4.85557616850909,"ood/imagenet_c/mean_acc":1.8088235294117647,"ood/imagenet_c_gaussian_noise_s3/n_samples":6800,"_wandb":{"runtime":516},"ood/imagenet_c_gaussian_noise_s3/acc":1.911764705882353,"val/loss":4.804115296532126,"epoch":1,"lr":0.0009960967771506667,"_runtime":516,"_timestamp":1.7736661353166244e+09,"ood/imagenet_c_defocus_blur_s3/n_samples":6800,"_step":0,"ood/imagenet_c_fog_s3/acc":1.5735294117647058,"ood/imagenet_c_fog_s3/n_samples":6800,"ood/imagenet_c_contrast_s3/acc":1.75,"ood/imagenet_c_defocus_blur_s3/loss":4.782444567960852,"ood/imagenet_c_contrast_s3/n_samples":6800,"train/acc":0.9592706821480407,"ood/imagenet_c_gaussian_noise_s3/loss":4.780403551213881}