{"ood/imagenet_c_defocus_blur_s3/loss":4.118128935870002,"_wandb":{"runtime":3110},"ood/imagenet_c_defocus_blur_s3/acc":13.632352941176471,"_step":5,"ood/imagenet_c_gaussian_noise_s3/n_samples":6800,"ood/imagenet_c_contrast_s3/acc":16.63235294117647,"epoch":6,"ood/imagenet_c_gaussian_noise_s3/loss":3.824841501572553,"ood/imagenet_c_fog_s3/n_samples":6800,"_runtime":3110,"_timestamp":1.7736616264606607e+09,"ood/imagenet_c_fog_s3/loss":3.4132886639763327,"ood/imagenet_c_fog_s3/acc":22.691176470588236,"ood/imagenet_c_contrast_s3/loss":3.677953462039723,"ood/imagenet_c_defocus_blur_s3/n_samples":6800,"lr":0.0008658394705735986,"train/loss":3.0467159011021407,"ood/imagenet_c_contrast_s3/n_samples":6800,"val/acc":44.5,"ood/imagenet_c_gaussian_noise_s3/acc":18.323529411764707,"train/acc":37.897995283018865,"val/loss":2.79217409807093,"ood/imagenet_c/mean_acc":17.81985294117647}