{"ood/imagenet_c_contrast_s3/loss":3.54489912369672,"ood/imagenet_c_fog_s3/n_samples":6800,"ood/imagenet_c_fog_s3/acc":21.573529411764707,"ood/imagenet_c_gaussian_noise_s3/n_samples":6800,"ood/imagenet_c_defocus_blur_s3/acc":12.632352941176471,"ood/imagenet_c_contrast_s3/n_samples":6800,"val/acc":46.69117647058823,"epoch":6,"lr":0.0008658394705735986,"_step":5,"ood/imagenet_c_defocus_blur_s3/loss":4.253294421925264,"val/loss":2.688513712041518,"_runtime":3591,"ood/imagenet_c_defocus_blur_s3/n_samples":6800,"_timestamp":1.7736696912520225e+09,"ood/imagenet_c_gaussian_noise_s3/acc":15.117647058823529,"ood/imagenet_c_gaussian_noise_s3/loss":4.243450698852539,"ood/imagenet_c_contrast_s3/acc":19.529411764705884,"ood/imagenet_c/mean_acc":17.21323529411765,"train/acc":39.89137336719884,"ood/imagenet_c_fog_s3/loss":3.506535233890309,"train/loss":2.965337877868741,"_wandb":{"runtime":3591}}