{"val/loss":4.764405212402344,"lr":0.0009960967771506667,"_step":0,"_timestamp":1.7736661191855845e+09,"ood/imagenet_c_fog_s3/acc":0.9705882352941176,"ood/imagenet_c/mean_acc":1.9411764705882353,"val/acc":2.514705882352941,"ood/imagenet_c_defocus_blur_s3/acc":2.4411764705882355,"ood/imagenet_c_fog_s3/loss":4.951892809026382,"train/acc":1.1055424528301887,"ood/imagenet_c_gaussian_noise_s3/n_samples":6800,"ood/imagenet_c_defocus_blur_s3/loss":4.7337449724533975,"_wandb":{"runtime":513},"ood/imagenet_c_contrast_s3/n_samples":6800,"ood/imagenet_c_fog_s3/n_samples":6800,"ood/imagenet_c_defocus_blur_s3/n_samples":6800,"ood/imagenet_c_contrast_s3/loss":4.826093892490163,"ood/imagenet_c_gaussian_noise_s3/loss":4.735846308539895,"ood/imagenet_c_gaussian_noise_s3/acc":2.5294117647058822,"train/loss":4.9089213732538095,"epoch":1,"_runtime":513,"ood/imagenet_c_contrast_s3/acc":1.8235294117647058}