{"ood/imagenet_c_contrast_s3/loss":3.974738141228171,"epoch":4,"ood/imagenet_c_gaussian_noise_s3/n_samples":6800,"_timestamp":1.7736689465770042e+09,"ood/imagenet_c_gaussian_noise_s3/acc":11.676470588235293,"ood/imagenet_c_defocus_blur_s3/loss":3.7783269096823298,"ood/imagenet_c_gaussian_noise_s3/loss":4.231651647231158,"train/loss":4.139786630306604,"train/acc":12.971131168359943,"ood/imagenet_c_fog_s3/acc":5.985294117647059,"val/loss":3.8206683422537413,"ood/imagenet_c/mean_acc":11.477941176470589,"_wandb":{"runtime":2910},"_step":3,"ood/imagenet_c_fog_s3/loss":4.481656206916361,"ood/imagenet_c_defocus_blur_s3/acc":15.852941176470589,"lr":0.0009387718066217124,"ood/imagenet_c_fog_s3/n_samples":6800,"ood/imagenet_c_contrast_s3/acc":12.397058823529411,"ood/imagenet_c_defocus_blur_s3/n_samples":6800,"val/acc":19.323529411764707,"_runtime":2910,"ood/imagenet_c_contrast_s3/n_samples":6800}