{"lr":0.0009054634122155989,"ood/imagenet_c_gaussian_noise_s3/n_samples":6800,"_timestamp":1.7736692199307096e+09,"_step":4,"ood/imagenet_c_gaussian_noise_s3/acc":12.823529411764707,"_runtime":3105,"train/loss":3.0562033687862846,"ood/imagenet_c_contrast_s3/loss":3.584257938160616,"ood/imagenet_c_fog_s3/loss":3.4080944106158086,"ood/imagenet_c/mean_acc":18.470588235294116,"ood/imagenet_c_defocus_blur_s3/n_samples":6800,"ood/imagenet_c_fog_s3/acc":23.220588235294116,"ood/imagenet_c_gaussian_noise_s3/loss":4.48025993347168,"val/loss":2.6964543763329,"_wandb":{"runtime":3105},"ood/imagenet_c_defocus_blur_s3/acc":17.794117647058822,"ood/imagenet_c_defocus_blur_s3/loss":3.6875145856071923,"ood/imagenet_c_contrast_s3/acc":20.044117647058822,"epoch":5,"ood/imagenet_c_fog_s3/n_samples":6800,"ood/imagenet_c_contrast_s3/n_samples":6800,"val/acc":46.85294117647059,"train/acc":37.61338896952105}