{"_wandb":{"runtime":660},"ood/imagenet_c_fog_s3/acc":10.220588235294118,"ood/imagenet_c_fog_s3/loss":4.284579470017377,"ood/imagenet_c_contrast_s3/loss":4.454318056667552,"ood/imagenet_c_defocus_blur_s3/loss":4.300238185209387,"_runtime":660,"ood/imagenet_c/mean_acc":10.636029411764707,"ood/imagenet_c_gaussian_noise_s3/n_samples":6800,"ood/imagenet_c_contrast_s3/acc":10.411764705882353,"train/loss":3.9522678502585267,"ood/imagenet_c_defocus_blur_s3/n_samples":6800,"train/acc":16.371666364296082,"ood/imagenet_c_gaussian_noise_s3/loss":4.223200505200555,"ood/imagenet_c_defocus_blur_s3/acc":10.544117647058824,"val/acc":21.029411764705884,"_timestamp":1.7736662981124134e+09,"lr":0.0009844486647586723,"_step":1,"ood/imagenet_c_fog_s3/n_samples":6800,"ood/imagenet_c_gaussian_noise_s3/acc":11.367647058823529,"epoch":2,"val/loss":3.687887807733872,"ood/imagenet_c_contrast_s3/n_samples":6800}