{
  "ood/imagenet_r/acc": 13.49550822650651,
  "ood/imagenet_r/loss": 4.8166155533074875,
  "ood/imagenet_r/n_samples": 9907,
  "ood/imagenet_r/n_classes": 57,
  "ood/imagenet_sketch/acc": 17.264833574529668,
  "ood/imagenet_sketch/loss": 4.192943461621032,
  "ood/imagenet_sketch/n_samples": 6910,
  "ood/imagenet_sketch/n_classes": 136,
  "ood/imagenet_a/acc": 3.1833150384193196,
  "ood/imagenet_a/loss": 5.385713445891664,
  "ood/imagenet_a/n_samples": 1822,
  "ood/imagenet_a/n_classes": 48
}