{"ood/imagenet_c_contrast_s3/acc":46.4264705882353,"ood/imagenet_c_defocus_blur_s3/loss":3.12466261919807,"ood/imagenet_c_fog_s3/acc":41,"ood/imagenet_c_defocus_blur_s3/acc":33.0735294117647,"val/acc":73.80882352941177,"ood/imagenet_c_contrast_s3/loss":2.419458397697,"_wandb":{"runtime":5448},"ood/imagenet_c_defocus_blur_s3/n_samples":6800,"train/acc":71.30238570391872,"ood/imagenet_c_fog_s3/n_samples":6800,"_runtime":5448,"_step":23,"train/loss":1.8417708309710632,"_timestamp":1.7736614201095698e+09,"ood/imagenet_c_gaussian_noise_s3/acc":36.044117647058826,"ood/imagenet_c_fog_s3/loss":2.7695484660653507,"epoch":24,"ood/imagenet_c_gaussian_noise_s3/n_samples":6800,"val/loss":1.7571548049590167,"ood/imagenet_c_gaussian_noise_s3/loss":3.119557227527394,"lr":1.3903222849333509e-05,"ood/imagenet_c/mean_acc":39.13602941176471,"ood/imagenet_c_contrast_s3/n_samples":6800}