{"ood/imagenet_c_fog_s3/n_samples":6800,"_timestamp":1.7736660789433577e+09,"train/loss":4.508463069212627,"_step":0,"val/loss":4.1625145609238565,"ood/imagenet_c_contrast_s3/loss":4.734315010519588,"ood/imagenet_c_defocus_blur_s3/loss":4.519147908827838,"ood/imagenet_c_contrast_s3/n_samples":6800,"ood/imagenet_c_gaussian_noise_s3/loss":4.477672122506535,"train/acc":6.681445029027576,"ood/imagenet_c_contrast_s3/acc":6.544117647058823,"ood/imagenet_c_defocus_blur_s3/acc":6.955882352941177,"ood/imagenet_c_fog_s3/loss":4.506732321346507,"ood/imagenet_c_gaussian_noise_s3/n_samples":6800,"epoch":1,"_runtime":669,"ood/imagenet_c/mean_acc":6.893382352941177,"ood/imagenet_c_gaussian_noise_s3/acc":7.602941176470588,"lr":0.0009960967771506667,"ood/imagenet_c_defocus_blur_s3/n_samples":6800,"ood/imagenet_c_fog_s3/acc":6.470588235294118,"val/acc":12.75,"_wandb":{"runtime":669}}