{"ood/imagenet_c_gaussian_noise_s3/acc":13.235294117647058,"_timestamp":1.7736608859706132e+09,"ood/imagenet_c_defocus_blur_s3/loss":3.7463098638197954,"ood/imagenet_c/mean_acc":10.882352941176471,"ood/imagenet_c_defocus_blur_s3/n_samples":6800,"train/loss":4.140723506667271,"epoch":4,"ood/imagenet_c_gaussian_noise_s3/loss":4.015985197179457,"ood/imagenet_c_contrast_s3/loss":4.192999312456917,"_step":3,"ood/imagenet_c_gaussian_noise_s3/n_samples":6800,"val/loss":3.890655191645903,"ood/imagenet_c_fog_s3/n_samples":6800,"ood/imagenet_c_contrast_s3/n_samples":6800,"ood/imagenet_c_contrast_s3/acc":8.735294117647058,"ood/imagenet_c_fog_s3/acc":4.882352941176471,"train/acc":13.176365203193033,"_runtime":2906,"ood/imagenet_c_fog_s3/loss":4.599059376436121,"val/acc":18.044117647058822,"ood/imagenet_c_defocus_blur_s3/acc":16.676470588235293,"lr":0.0009387718066217124,"_wandb":{"runtime":2906}}