{
  "ood/imagenet_r/acc": 13.172504289896033,
  "ood/imagenet_r/loss": 4.767061994573212,
  "ood/imagenet_r/n_samples": 9907,
  "ood/imagenet_r/n_classes": 57,
  "ood/imagenet_sketch/acc": 17.872648335745296,
  "ood/imagenet_sketch/loss": 4.044473564297004,
  "ood/imagenet_sketch/n_samples": 6910,
  "ood/imagenet_sketch/n_classes": 136,
  "ood/imagenet_a/acc": 3.128430296377607,
  "ood/imagenet_a/loss": 5.329136333926187,
  "ood/imagenet_a/n_samples": 1822,
  "ood/imagenet_a/n_classes": 48
}