{"train/acc":44.86404662554427,"ood/imagenet_c/mean_acc":27.580882352941174,"ood/imagenet_c_defocus_blur_s3/n_samples":6800,"ood/imagenet_c_contrast_s3/loss":2.7378961024564856,"_step":11,"lr":0.00053608130716701,"ood/imagenet_c_defocus_blur_s3/acc":33.35294117647059,"ood/imagenet_c_fog_s3/n_samples":6800,"_runtime":4920,"ood/imagenet_c_fog_s3/acc":26.970588235294116,"val/loss":2.5759702704934515,"ood/imagenet_c_gaussian_noise_s3/loss":4.147642363940968,"_wandb":{"runtime":4920},"ood/imagenet_c_gaussian_noise_s3/n_samples":6800,"train/loss":2.78843106517598,"epoch":12,"ood/imagenet_c_contrast_s3/acc":34.470588235294116,"ood/imagenet_c_fog_s3/loss":3.2035521877513213,"ood/imagenet_c_contrast_s3/n_samples":6800,"_timestamp":1.7736616710897596e+09,"ood/imagenet_c_defocus_blur_s3/loss":2.8930247699513156,"val/acc":50.44117647058823,"ood/imagenet_c_gaussian_noise_s3/acc":15.529411764705882}