{
  "ood/imagenet_r/acc": 15.29221762390229,
  "ood/imagenet_a/acc": 3.512623490669594,
  "ood/imagenet_sketch/acc": 17.68451519536903,
  "ood/imagenet_c/mean_acc": 38.38235294117647,
  "ood/imagenet_c_gaussian_noise_s3/acc": 23.41176470588235,
  "ood/imagenet_c_fog_s3/acc": 28.264705882352946,
  "ood/imagenet_c_defocus_blur_s3/acc": 48.51470588235294,
  "ood/imagenet_c_contrast_s3/acc": 53.338235294117645
}