{"_wandb":{"runtime":585},"ood/imagenet_c_fog_s3/acc":1.8235294117647058,"_timestamp":1.77366619697256e+09,"ood/imagenet_c_gaussian_noise_s3/acc":4.4411764705882355,"ood/imagenet_c_contrast_s3/n_samples":6800,"ood/imagenet_c_gaussian_noise_s3/loss":4.504770935282988,"ood/imagenet_c/mean_acc":3.3529411764705888,"train/loss":4.794214611302612,"_step":0,"ood/imagenet_c_gaussian_noise_s3/n_samples":6800,"ood/imagenet_c_defocus_blur_s3/acc":4.4411764705882355,"ood/imagenet_c_fog_s3/loss":4.792442694271312,"val/acc":4.529411764705882,"ood/imagenet_c_defocus_blur_s3/n_samples":6800,"_runtime":585,"ood/imagenet_c_fog_s3/n_samples":6800,"ood/imagenet_c_defocus_blur_s3/loss":4.49481876373291,"ood/imagenet_c_contrast_s3/acc":2.7058823529411766,"val/loss":4.556710611231186,"epoch":1,"ood/imagenet_c_contrast_s3/loss":4.690750230340397,"lr":0.0009960967771506667,"train/acc":2.1889740566037736}