{
  "ood/imagenet_r/acc": 13.596446956697285,
  "ood/imagenet_r/loss": 4.85474364615791,
  "ood/imagenet_r/n_samples": 9907,
  "ood/imagenet_r/n_classes": 57,
  "ood/imagenet_sketch/acc": 18.581765557163532,
  "ood/imagenet_sketch/loss": 4.15544827788335,
  "ood/imagenet_sketch/n_samples": 6910,
  "ood/imagenet_sketch/n_classes": 136,
  "ood/imagenet_a/acc": 3.402854006586169,
  "ood/imagenet_a/loss": 5.45335486848582,
  "ood/imagenet_a/n_samples": 1822,
  "ood/imagenet_a/n_classes": 48
}