{"ood/imagenet_c_gaussian_noise_s3/acc":17.955882352941178,"val/loss":2.3676207604127772,"_step":24,"val/acc":57.029411764705884,"ood/imagenet_r/loss":4.912993214933473,"ood/imagenet_c_contrast_s3/acc":41.8235294117647,"ood/imagenet_c_fog_s3/acc":23.808823529411764,"ood/imagenet_r/n_samples":9907,"train/acc":52.57279571843251,"lr":1e-05,"ood/imagenet_c_defocus_blur_s3/acc":39.25,"ood/imagenet_sketch/n_samples":6910,"ood/imagenet_c_fog_s3/n_samples":6800,"ood/imagenet_c_defocus_blur_s3/loss":2.5971401615703806,"ood/imagenet_sketch/n_classes":136,"ood/imagenet_a/n_classes":48,"_runtime":8209,"ood/imagenet_a/acc":3.1833150384193196,"train/loss":2.5156411224941038,"ood/imagenet_c/mean_acc":30.709558823529413,"ood/imagenet_c_fog_s3/loss":3.3860260924171,"ood/imagenet_c_contrast_s3/loss":2.434147968853221,"ood/imagenet_c_gaussian_noise_s3/n_samples":6800,"ood/imagenet_a/loss":5.380294249688493,"ood/imagenet_a/n_samples":1822,"ood/imagenet_r/n_classes":57,"ood/imagenet_c_contrast_s3/n_samples":6800,"ood/imagenet_r/acc":12.576965781770465,"ood/imagenet_c_gaussian_noise_s3/loss":3.9095067618874944,"ood/imagenet_sketch/acc":15.383502170767004,"_wandb":{"runtime":8209},"ood/imagenet_c_defocus_blur_s3/n_samples":6800,"_timestamp":1.7737450786075373e+09,"epoch":25,"ood/imagenet_sketch/loss":4.360783189975059}