{"_timestamp":1.7736614361924098e+09,"train/acc":21.97591618287373,"ood/imagenet_c_fog_s3/n_samples":6800,"ood/imagenet_c_defocus_blur_s3/acc":20.485294117647058,"ood/imagenet_c_gaussian_noise_s3/loss":3.719194071152631,"ood/imagenet_c_defocus_blur_s3/loss":3.4368439932430492,"_step":4,"ood/imagenet_c_gaussian_noise_s3/n_samples":6800,"_wandb":{"runtime":2930},"ood/imagenet_c_fog_s3/acc":13.941176470588236,"epoch":5,"val/acc":27.485294117647058,"ood/imagenet_c_gaussian_noise_s3/acc":18.455882352941178,"lr":0.0009054634122155989,"train/loss":3.713943370713897,"ood/imagenet_c_contrast_s3/loss":3.5348724814022288,"ood/imagenet_c_fog_s3/loss":3.8976347530589384,"ood/imagenet_c_contrast_s3/acc":19.455882352941178,"_runtime":2930,"val/loss":3.4453498262517592,"ood/imagenet_c_defocus_blur_s3/n_samples":6800,"ood/imagenet_c_contrast_s3/n_samples":6800,"ood/imagenet_c/mean_acc":18.08455882352941}