{"ood/imagenet_c_fog_s3/acc":9.985294117647058,"val/loss":3.5851977892482982,"epoch":2,"_wandb":{"runtime":677},"_runtime":677,"ood/imagenet_c_fog_s3/loss":4.278503126256606,"ood/imagenet_c_defocus_blur_s3/loss":4.232058540793026,"lr":0.0009844486647586723,"val/acc":24.058823529411764,"train/acc":16.16303066037736,"ood/imagenet_c_gaussian_noise_s3/n_samples":6800,"train/loss":3.9577934364794993,"ood/imagenet_c_contrast_s3/acc":10.661764705882353,"ood/imagenet_c_gaussian_noise_s3/acc":10.985294117647058,"ood/imagenet_c_fog_s3/n_samples":6800,"ood/imagenet_c_contrast_s3/loss":4.320014306236716,"_timestamp":1.773666286018149e+09,"ood/imagenet_c_defocus_blur_s3/n_samples":6800,"ood/imagenet_c_contrast_s3/n_samples":6800,"ood/imagenet_c/mean_acc":10.625,"_step":1,"ood/imagenet_c_gaussian_noise_s3/loss":4.1783139251260195,"ood/imagenet_c_defocus_blur_s3/acc":10.867647058823529}