{"ood/imagenet_c_fog_s3/n_samples":6800,"train/loss":3.3776462150761972,"ood/imagenet_c_contrast_s3/n_samples":6800,"ood/imagenet_c_defocus_blur_s3/acc":25.029411764705884,"ood/imagenet_c_gaussian_noise_s3/loss":4.258394871880027,"_step":8,"ood/imagenet_c_defocus_blur_s3/loss":3.2317193687663357,"val/loss":3.0880602443919463,"val/acc":36.4264705882353,"ood/imagenet_c_contrast_s3/acc":29.08823529411765,"_runtime":3575,"_timestamp":1.7736698077234967e+09,"_wandb":{"runtime":3575},"ood/imagenet_c_gaussian_noise_s3/n_samples":6800,"ood/imagenet_c_fog_s3/loss":3.5292514559801886,"ood/imagenet_c/mean_acc":21.47794117647059,"ood/imagenet_c_defocus_blur_s3/n_samples":6800,"epoch":9,"ood/imagenet_c_gaussian_noise_s3/acc":12.205882352941176,"ood/imagenet_c_contrast_s3/loss":3.0368708268333884,"lr":0.0007157607493247108,"ood/imagenet_c_fog_s3/acc":19.58823529411765,"train/acc":29.58658381712627}