{"ood/imagenet_c_fog_s3/acc":25.691176470588236,"epoch":6,"_wandb":{"runtime":3114},"ood/imagenet_c_contrast_s3/loss":3.668999315149644,"lr":0.0008658394705735986,"ood/imagenet_c_defocus_blur_s3/loss":3.5824117323931524,"ood/imagenet_c_gaussian_noise_s3/n_samples":6800,"val/acc":45.61764705882353,"ood/imagenet_c/mean_acc":18.948529411764707,"ood/imagenet_c_defocus_blur_s3/n_samples":6800,"ood/imagenet_c_contrast_s3/acc":17.558823529411764,"ood/imagenet_c_fog_s3/loss":3.1996366523293887,"_step":5,"train/loss":3.0333271441854137,"ood/imagenet_c_gaussian_noise_s3/loss":4.529718630173627,"_timestamp":1.7736616346415212e+09,"ood/imagenet_c_fog_s3/n_samples":6800,"ood/imagenet_c_defocus_blur_s3/acc":19.647058823529413,"train/acc":38.15482129898403,"ood/imagenet_c_gaussian_noise_s3/acc":12.897058823529411,"val/loss":2.719346121619729,"_runtime":3114,"ood/imagenet_c_contrast_s3/n_samples":6800}