{"_wandb":{"runtime":12300},"ood/imagenet_r/n_classes":57,"ood/imagenet_c_gaussian_noise_s3/loss":3.1859999465942384,"ood/imagenet_c_contrast_s3/n_samples":6800,"ood/imagenet_a/acc":4.281009879253568,"ood/imagenet_sketch/n_samples":6910,"ood/imagenet_r/acc":18.915918037751084,"ood/imagenet_c_contrast_s3/acc":44.69117647058823,"_step":24,"ood/imagenet_a/n_samples":1822,"ood/imagenet_c_fog_s3/acc":46.76470588235294,"ood/imagenet_c/mean_acc":39.841911764705884,"ood/imagenet_c_contrast_s3/loss":2.314052380954518,"lr":1e-05,"ood/imagenet_c_defocus_blur_s3/acc":38.338235294117645,"ood/imagenet_c_fog_s3/loss":2.296675355574664,"train/loss":1.8379632648085995,"ood/imagenet_a/loss":5.3761217109981665,"val/acc":74.76470588235294,"ood/imagenet_sketch/n_classes":136,"ood/imagenet_sketch/acc":25.8465991316932,"epoch":25,"ood/imagenet_r/loss":4.516110715609067,"val/loss":1.7218039591172163,"ood/imagenet_sketch/loss":3.691216478333977,"train/acc":71.48550888969521,"ood/imagenet_c_defocus_blur_s3/n_samples":6800,"ood/imagenet_c_gaussian_noise_s3/acc":29.573529411764707,"ood/imagenet_r/n_samples":9907,"_runtime":12300,"ood/imagenet_a/n_classes":48,"_timestamp":1.7737491750942795e+09,"ood/imagenet_c_fog_s3/n_samples":6800,"ood/imagenet_c_gaussian_noise_s3/n_samples":6800,"ood/imagenet_c_defocus_blur_s3/loss":2.6956668382532456}