{"val/loss":3.092532070384306,"ood/imagenet_c_gaussian_noise_s3/loss":3.935277404224171,"train/acc":29.340529753265603,"ood/imagenet_c_contrast_s3/loss":3.3142264338100658,"lr":0.0008658394705735986,"ood/imagenet_c_defocus_blur_s3/n_samples":6800,"_step":5,"ood/imagenet_c_defocus_blur_s3/loss":3.1829583785113167,"_wandb":{"runtime":2942},"ood/imagenet_c_fog_s3/n_samples":6800,"ood/imagenet_c_fog_s3/loss":3.7556658312853646,"epoch":6,"val/acc":37.044117647058826,"train/loss":3.391452739477504,"_runtime":2942,"ood/imagenet_c_fog_s3/acc":16.602941176470587,"ood/imagenet_c_gaussian_noise_s3/n_samples":6800,"ood/imagenet_c_gaussian_noise_s3/acc":16.220588235294116,"ood/imagenet_c_contrast_s3/acc":23.397058823529413,"ood/imagenet_c_defocus_blur_s3/acc":26.676470588235293,"_timestamp":1.773669110868751e+09,"ood/imagenet_c_contrast_s3/n_samples":6800,"ood/imagenet_c/mean_acc":20.72426470588235}