{"train/loss":2.7775480273154027,"epoch":18,"ood/imagenet_c_gaussian_noise_s3/loss":4.086916837692261,"ood/imagenet_c_defocus_blur_s3/acc":33.705882352941174,"ood/imagenet_c/mean_acc":26.845588235294116,"ood/imagenet_c_gaussian_noise_s3/n_samples":6800,"ood/imagenet_c_fog_s3/acc":19.58823529411765,"lr":0.00018947512507439852,"ood/imagenet_c_fog_s3/loss":3.6402305580587946,"ood/imagenet_c_contrast_s3/acc":38.94117647058823,"ood/imagenet_c_contrast_s3/n_samples":6800,"ood/imagenet_c_defocus_blur_s3/n_samples":6800,"val/loss":2.545236519645242,"_step":17,"ood/imagenet_c_contrast_s3/loss":2.547432527542114,"_timestamp":1.773672377974042e+09,"_wandb":{"runtime":5786},"ood/imagenet_c_defocus_blur_s3/loss":2.8237580114252427,"_runtime":5786,"ood/imagenet_c_fog_s3/n_samples":6800,"train/acc":45.26771135703919,"ood/imagenet_c_gaussian_noise_s3/acc":15.147058823529411,"val/acc":51.588235294117645}