{"ood/imagenet_r/n_samples":9907,"ood/imagenet_c_defocus_blur_s3/loss":2.683409793517169,"ood/imagenet_c_contrast_s3/acc":51.088235294117645,"ood/imagenet_c_contrast_s3/loss":2.004539831385893,"train/loss":2.3888462105406387,"ood/imagenet_c_fog_s3/n_samples":6800,"ood/imagenet_c/mean_acc":35.92647058823529,"ood/imagenet_a/acc":3.1833150384193196,"lr":1e-05,"ood/imagenet_sketch/loss":3.9339666163697085,"ood/imagenet_a/loss":5.377176968378764,"_wandb":{"runtime":8471},"ood/imagenet_r/acc":13.445038861411124,"ood/imagenet_sketch/n_samples":6910,"val/acc":59.30882352941177,"_timestamp":1.773745307633709e+09,"ood/imagenet_c_gaussian_noise_s3/n_samples":6800,"ood/imagenet_c_fog_s3/acc":36.470588235294116,"ood/imagenet_c_defocus_blur_s3/acc":36.85294117647059,"ood/imagenet_c_defocus_blur_s3/n_samples":6800,"train/acc":55.66321208272859,"ood/imagenet_sketch/n_classes":136,"ood/imagenet_r/n_classes":57,"epoch":25,"ood/imagenet_c_gaussian_noise_s3/loss":3.8779782895480883,"ood/imagenet_c_gaussian_noise_s3/acc":19.294117647058822,"_runtime":8471,"ood/imagenet_a/n_samples":1822,"ood/imagenet_r/loss":4.78486216281249,"_step":24,"ood/imagenet_c_contrast_s3/n_samples":6800,"ood/imagenet_c_fog_s3/loss":2.6888052558898927,"ood/imagenet_sketch/acc":20.767004341534008,"val/loss":2.242308862069074,"ood/imagenet_a/n_classes":48}