{"ood/imagenet_c_gaussian_noise_s3/n_samples":6800,"ood/imagenet_c_fog_s3/n_samples":6800,"ood/imagenet_c_defocus_blur_s3/n_samples":6800,"train/acc":48.47265058055152,"_runtime":5822,"lr":0.00018947512507439852,"val/acc":53.25,"ood/imagenet_c/mean_acc":27.13235294117647,"ood/imagenet_c_gaussian_noise_s3/acc":14.661764705882353,"ood/imagenet_c_gaussian_noise_s3/loss":4.253533271340763,"epoch":18,"ood/imagenet_c_defocus_blur_s3/acc":31.205882352941178,"ood/imagenet_c_contrast_s3/loss":2.5437737066605512,"ood/imagenet_c_defocus_blur_s3/loss":2.982914685642018,"ood/imagenet_c_fog_s3/loss":3.461582867678474,"_timestamp":1.773661769160195e+09,"val/loss":2.4810875780442183,"ood/imagenet_c_contrast_s3/acc":40.14705882352941,"ood/imagenet_c_contrast_s3/n_samples":6800,"_step":17,"train/loss":2.65601276901533,"_wandb":{"runtime":5822},"ood/imagenet_c_fog_s3/acc":22.514705882352942}