{"ood/imagenet_c_defocus_blur_s3/acc":25.691176470588236,"train/loss":3.287535646657293,"ood/imagenet_c_fog_s3/acc":11.485294117647058,"_timestamp":1.7736697726960437e+09,"ood/imagenet_c_contrast_s3/loss":3.1742379575617172,"ood/imagenet_c_contrast_s3/n_samples":6800,"epoch":9,"_runtime":3551,"ood/imagenet_c/mean_acc":20.613970588235297,"ood/imagenet_c_gaussian_noise_s3/n_samples":6800,"ood/imagenet_c_defocus_blur_s3/n_samples":6800,"ood/imagenet_c_gaussian_noise_s3/loss":3.7212874356438133,"lr":0.0007157607493247108,"val/loss":3.0263876163258274,"ood/imagenet_c_defocus_blur_s3/loss":3.2028211997537053,"ood/imagenet_c_fog_s3/n_samples":6800,"ood/imagenet_c_contrast_s3/acc":26.397058823529413,"ood/imagenet_c_fog_s3/loss":4.124271285674151,"_step":8,"val/acc":38.3235294117647,"train/acc":32.13216618287373,"ood/imagenet_c_gaussian_noise_s3/acc":18.88235294117647,"_wandb":{"runtime":3551}}