{
  "ood/imagenet_r/acc": 13.49550822650651,
  "ood/imagenet_r/loss": 4.86429131080371,
  "ood/imagenet_r/n_samples": 9907,
  "ood/imagenet_r/n_classes": 57,
  "ood/imagenet_sketch/acc": 15.32561505065123,
  "ood/imagenet_sketch/loss": 4.386248898954709,
  "ood/imagenet_sketch/n_samples": 6910,
  "ood/imagenet_sketch/n_classes": 136,
  "ood/imagenet_a/acc": 3.622392974753019,
  "ood/imagenet_a/loss": 5.450825359373794,
  "ood/imagenet_a/n_samples": 1822,
  "ood/imagenet_a/n_classes": 48
}