{"ood/imagenet_sketch/n_samples":6910,"ood/imagenet_c_gaussian_noise_s3/loss":3.7491534418218277,"lr":1e-05,"ood/imagenet_sketch/loss":4.1551361024638505,"ood/imagenet_a/n_samples":1822,"ood/imagenet_c_defocus_blur_s3/n_samples":6800,"ood/imagenet_a/acc":3.841931942919868,"ood/imagenet_c_contrast_s3/n_samples":6800,"ood/imagenet_c/mean_acc":36.5110294117647,"_runtime":10319,"ood/imagenet_c_gaussian_noise_s3/acc":21.720588235294116,"_wandb":{"runtime":10319},"ood/imagenet_r/acc":14.737054607853032,"train/loss":2.186809744648041,"ood/imagenet_a/loss":5.4370753642102105,"ood/imagenet_a/n_classes":48,"ood/imagenet_c_fog_s3/loss":2.8250035605711097,"_timestamp":1.7737471711634817e+09,"ood/imagenet_r/n_classes":57,"val/acc":63.85294117647059,"ood/imagenet_c_contrast_s3/loss":2.2243232603634104,"val/loss":2.114416154412662,"ood/imagenet_c_defocus_blur_s3/loss":2.549657108643476,"ood/imagenet_r/loss":4.823731239092052,"train/acc":61.885431785195934,"ood/imagenet_c_defocus_blur_s3/acc":41.23529411764706,"ood/imagenet_sketch/acc":18.683068017366136,"ood/imagenet_c_fog_s3/n_samples":6800,"ood/imagenet_c_fog_s3/acc":36.01470588235294,"ood/imagenet_r/n_samples":9907,"ood/imagenet_sketch/n_classes":136,"epoch":25,"ood/imagenet_c_contrast_s3/acc":47.0735294117647,"_step":24,"ood/imagenet_c_gaussian_noise_s3/n_samples":6800}