{"ood/imagenet_c_gaussian_noise_s3/n_samples":6800,"ood/imagenet_a/n_samples":1822,"ood/imagenet_c/mean_acc":33.38235294117647,"ood/imagenet_c_fog_s3/n_samples":6800,"val/acc":59.5,"ood/imagenet_sketch/n_classes":136,"train/loss":2.3532810515693035,"ood/imagenet_c_defocus_blur_s3/loss":2.553132912691902,"ood/imagenet_c_fog_s3/acc":29.691176470588236,"ood/imagenet_c_defocus_blur_s3/acc":40.11764705882353,"ood/imagenet_c_contrast_s3/loss":2.3452902238509235,"_wandb":{"runtime":10004},"_step":24,"ood/imagenet_a/acc":3.7321624588364433,"_runtime":10004,"val/loss":2.256210880840526,"ood/imagenet_c_contrast_s3/n_samples":6800,"ood/imagenet_c_fog_s3/loss":3.0884619252821977,"ood/imagenet_a/n_classes":48,"_timestamp":1.7737468498076465e+09,"ood/imagenet_c_defocus_blur_s3/n_samples":6800,"lr":1e-05,"ood/imagenet_c_gaussian_noise_s3/acc":19.941176470588236,"ood/imagenet_sketch/acc":16.54124457308249,"ood/imagenet_sketch/n_samples":6910,"epoch":25,"ood/imagenet_r/acc":13.323912385182194,"train/acc":57.174120101596515,"ood/imagenet_c_gaussian_noise_s3/loss":3.7937093089608585,"ood/imagenet_a/loss":5.466029881122476,"ood/imagenet_c_contrast_s3/acc":43.779411764705884,"ood/imagenet_r/loss":4.938280705451676,"ood/imagenet_r/n_classes":57,"ood/imagenet_r/n_samples":9907,"ood/imagenet_sketch/loss":4.33605907677569}