{"ood/imagenet_c/mean_acc":30.011029411764703,"train/loss":2.447607563611212,"_timestamp":1.7736693393669932e+09,"train/acc":53.98902394775036,"ood/imagenet_c_fog_s3/loss":3.1778235446705536,"_runtime":3036,"_step":10,"ood/imagenet_c_fog_s3/n_samples":6800,"lr":0.0005977537507199336,"_wandb":{"runtime":3036},"ood/imagenet_c_gaussian_noise_s3/loss":3.2931581227919633,"epoch":11,"ood/imagenet_c_fog_s3/acc":31.102941176470587,"val/acc":56.970588235294116,"ood/imagenet_c_defocus_blur_s3/n_samples":6800,"ood/imagenet_c_defocus_blur_s3/acc":25.985294117647058,"ood/imagenet_c_gaussian_noise_s3/acc":29.455882352941178,"ood/imagenet_c_contrast_s3/n_samples":6800,"ood/imagenet_c_contrast_s3/loss":2.993494081497192,"ood/imagenet_c_gaussian_noise_s3/n_samples":6800,"ood/imagenet_c_defocus_blur_s3/loss":3.4158277758430033,"ood/imagenet_c_contrast_s3/acc":33.5,"val/loss":2.3172341077467973}