{"ood/imagenet_c_fog_s3/loss":2.343316868052763,"ood/imagenet_c_defocus_blur_s3/loss":2.6444021763521084,"ood/imagenet_r/acc":19.37014232360957,"ood/imagenet_c_contrast_s3/loss":2.293714164285099,"ood/imagenet_c_contrast_s3/n_samples":6800,"ood/imagenet_c_gaussian_noise_s3/loss":3.297844904731302,"ood/imagenet_c_gaussian_noise_s3/acc":27.735294117647058,"ood/imagenet_a/n_classes":48,"ood/imagenet_r/loss":4.458435796880332,"train/loss":1.8627651530184144,"ood/imagenet_a/acc":4.281009879253568,"ood/imagenet_sketch/acc":26.396526772793052,"_wandb":{"runtime":12298},"ood/imagenet_c_defocus_blur_s3/n_samples":6800,"ood/imagenet_sketch/loss":3.6668046604879687,"ood/imagenet_c_fog_s3/acc":44.89705882352941,"ood/imagenet_a/loss":5.3411848783231335,"ood/imagenet_r/n_samples":9907,"ood/imagenet_r/n_classes":57,"ood/imagenet_a/n_samples":1822,"_timestamp":1.7737491745079942e+09,"ood/imagenet_c_gaussian_noise_s3/n_samples":6800,"train/acc":71.10849056603773,"ood/imagenet_c/mean_acc":39.341911764705884,"val/acc":74.66176470588235,"epoch":25,"ood/imagenet_sketch/n_samples":6910,"val/loss":1.7343717451656566,"_step":24,"ood/imagenet_sketch/n_classes":136,"ood/imagenet_c_contrast_s3/acc":45.80882352941177,"ood/imagenet_c_defocus_blur_s3/acc":38.9264705882353,"ood/imagenet_c_fog_s3/n_samples":6800,"_runtime":12298,"lr":1e-05}