{"lr":0.0009387718066217124,"ood/imagenet_c_fog_s3/loss":4.641266587201287,"epoch":4,"ood/imagenet_c_contrast_s3/loss":3.890291344137753,"ood/imagenet_c_fog_s3/acc":5.514705882352941,"_runtime":2993,"ood/imagenet_c_fog_s3/n_samples":6800,"ood/imagenet_c_contrast_s3/n_samples":6800,"_step":3,"ood/imagenet_c_gaussian_noise_s3/n_samples":6800,"ood/imagenet_c/mean_acc":11.970588235294118,"train/loss":4.143900878197569,"val/loss":3.8177904330982884,"val/acc":19.264705882352942,"ood/imagenet_c_defocus_blur_s3/loss":3.7242617797851563,"_timestamp":1.7736690248217266e+09,"ood/imagenet_c_gaussian_noise_s3/loss":4.068949486227597,"ood/imagenet_c_contrast_s3/acc":13.294117647058824,"train/acc":13.011951197387518,"ood/imagenet_c_gaussian_noise_s3/acc":12.529411764705882,"_wandb":{"runtime":2993},"ood/imagenet_c_defocus_blur_s3/n_samples":6800,"ood/imagenet_c_defocus_blur_s3/acc":16.544117647058822}