{"val/acc":15.647058823529411,"epoch":4,"val/loss":3.996587944030762,"train/loss":4.386849855996009,"ood/imagenet_c_defocus_blur_s3/acc":12.058823529411764,"_wandb":{"runtime":3010},"ood/imagenet_c_fog_s3/n_samples":6800,"_step":3,"_runtime":3010,"ood/imagenet_c_gaussian_noise_s3/n_samples":6800,"ood/imagenet_c_gaussian_noise_s3/loss":4.126087359260111,"ood/imagenet_c_defocus_blur_s3/loss":3.990844134162454,"ood/imagenet_c_gaussian_noise_s3/acc":10.926470588235293,"ood/imagenet_c/mean_acc":9.147058823529411,"_timestamp":1.7736610161332695e+09,"ood/imagenet_c_contrast_s3/loss":4.219178143669577,"ood/imagenet_c_contrast_s3/n_samples":6800,"ood/imagenet_c_fog_s3/acc":4.867647058823529,"ood/imagenet_c_fog_s3/loss":4.677608104032629,"ood/imagenet_c_defocus_blur_s3/n_samples":6800,"lr":0.0009387718066217124,"ood/imagenet_c_contrast_s3/acc":8.735294117647058,"train/acc":8.66008254716981}