{"ood/imagenet_c_contrast_s3/n_samples":6800,"ood/imagenet_c_gaussian_noise_s3/n_samples":6800,"_wandb":{"runtime":2987},"lr":0.0005977537507199336,"ood/imagenet_c_gaussian_noise_s3/loss":3.2763651051240807,"ood/imagenet_c_defocus_blur_s3/loss":3.4051952939874988,"_timestamp":1.7736692947982104e+09,"ood/imagenet_c_gaussian_noise_s3/acc":28.91176470588235,"ood/imagenet_c_fog_s3/n_samples":6800,"val/acc":56.75,"val/loss":2.320343460195205,"ood/imagenet_c_fog_s3/acc":30.941176470588236,"ood/imagenet_c_contrast_s3/acc":33.955882352941174,"train/loss":2.437448089112391,"ood/imagenet_c_defocus_blur_s3/acc":26.279411764705884,"ood/imagenet_c_defocus_blur_s3/n_samples":6800,"epoch":11,"_runtime":2987,"train/acc":54.15627267779391,"_step":10,"ood/imagenet_c/mean_acc":30.02205882352941,"ood/imagenet_c_contrast_s3/loss":2.9740758003908043,"ood/imagenet_c_fog_s3/loss":3.1638702493555404}