{"_timestamp":1.7736693249589803e+09,"_wandb":{"runtime":3092},"ood/imagenet_c_defocus_blur_s3/n_samples":6800,"train/acc":24.885477140783745,"ood/imagenet_c_contrast_s3/loss":3.218971981721766,"epoch":8,"ood/imagenet_c_defocus_blur_s3/loss":3.523186019448673,"_step":7,"_runtime":3092,"ood/imagenet_c_gaussian_noise_s3/acc":12.5,"ood/imagenet_c_contrast_s3/acc":24.441176470588236,"ood/imagenet_c_fog_s3/loss":3.9728767237943763,"ood/imagenet_c/mean_acc":17.091911764705884,"lr":0.0007702342635146031,"ood/imagenet_c_fog_s3/acc":12.102941176470589,"ood/imagenet_c_gaussian_noise_s3/n_samples":6800,"val/loss":3.3097063810685103,"val/acc":30.86764705882353,"ood/imagenet_c_fog_s3/n_samples":6800,"ood/imagenet_c_defocus_blur_s3/acc":19.323529411764707,"train/loss":3.553278996394231,"ood/imagenet_c_contrast_s3/n_samples":6800,"ood/imagenet_c_gaussian_noise_s3/loss":4.197052927017212}