{"ood/imagenet_c_contrast_s3/loss":2.317762465757482,"val/loss":2.515523256414077,"ood/imagenet_c_gaussian_noise_s3/n_samples":6800,"ood/imagenet_c_fog_s3/acc":31.941176470588236,"_wandb":{"runtime":5804},"ood/imagenet_c_gaussian_noise_s3/acc":18.823529411764707,"ood/imagenet_c_defocus_blur_s3/n_samples":6800,"ood/imagenet_c_fog_s3/n_samples":6800,"val/acc":51.5735294117647,"ood/imagenet_c_gaussian_noise_s3/loss":3.8260682162116555,"_step":17,"ood/imagenet_c_contrast_s3/n_samples":6800,"ood/imagenet_c_defocus_blur_s3/acc":31.926470588235293,"epoch":18,"lr":0.00018947512507439852,"ood/imagenet_c_defocus_blur_s3/loss":2.903219399171717,"ood/imagenet_c_contrast_s3/acc":44.25,"ood/imagenet_c/mean_acc":31.735294117647058,"train/loss":2.756332951118015,"train/acc":45.39810867198839,"_timestamp":1.7736617570077987e+09,"ood/imagenet_c_fog_s3/loss":2.9162554679197426,"_runtime":5804}