{"ood/imagenet_c_fog_s3/loss":4.593691603716682,"ood/imagenet_c_contrast_s3/n_samples":6800,"train/loss":4.097366753787192,"ood/imagenet_c_defocus_blur_s3/n_samples":6800,"ood/imagenet_c_gaussian_noise_s3/n_samples":6800,"ood/imagenet_c_fog_s3/acc":5.867647058823529,"train/acc":13.726868650217707,"ood/imagenet_c_contrast_s3/acc":11.514705882352942,"_wandb":{"runtime":3032},"ood/imagenet_c_defocus_blur_s3/acc":14.926470588235293,"val/acc":19.558823529411764,"val/loss":3.7764641750560086,"ood/imagenet_c_gaussian_noise_s3/acc":11.955882352941176,"lr":0.0009387718066217124,"_timestamp":1.7736610161339073e+09,"ood/imagenet_c_gaussian_noise_s3/loss":4.099142976648667,"_step":3,"ood/imagenet_c_fog_s3/n_samples":6800,"epoch":4,"ood/imagenet_c_defocus_blur_s3/loss":3.835005798339844,"ood/imagenet_c/mean_acc":11.066176470588236,"ood/imagenet_c_contrast_s3/loss":4.012643019732307,"_runtime":3032}