{"_timestamp":1.7737491802805288e+09,"ood/imagenet_r/acc":18.26991016453013,"ood/imagenet_c_gaussian_noise_s3/acc":24.544117647058822,"ood/imagenet_c_defocus_blur_s3/acc":40.205882352941174,"ood/imagenet_c_defocus_blur_s3/loss":2.5939427027982824,"ood/imagenet_sketch/n_classes":136,"ood/imagenet_a/n_samples":1822,"val/loss":1.774465602425968,"ood/imagenet_r/n_classes":57,"ood/imagenet_c_contrast_s3/acc":40.73529411764706,"ood/imagenet_c_fog_s3/loss":2.3421812932631547,"_step":24,"ood/imagenet_c_gaussian_noise_s3/loss":3.5223857071820426,"ood/imagenet_c_contrast_s3/loss":2.4980361826279585,"ood/imagenet_sketch/loss":3.668454955938756,"ood/imagenet_sketch/n_samples":6910,"train/acc":69.85724328737301,"ood/imagenet_c_fog_s3/n_samples":6800,"ood/imagenet_a/acc":4.061470911086718,"ood/imagenet_c_gaussian_noise_s3/n_samples":6800,"_runtime":12318,"lr":1e-05,"ood/imagenet_a/n_classes":48,"ood/imagenet_sketch/acc":26.251808972503618,"val/acc":73.6470588235294,"ood/imagenet_c_fog_s3/acc":45.5,"ood/imagenet_c/mean_acc":37.74632352941177,"epoch":25,"ood/imagenet_r/loss":4.509063729222372,"ood/imagenet_r/n_samples":9907,"_wandb":{"runtime":12318},"ood/imagenet_c_defocus_blur_s3/n_samples":6800,"ood/imagenet_a/loss":5.347649715603641,"ood/imagenet_c_contrast_s3/n_samples":6800,"train/loss":1.9002751099873005}