{"ood/imagenet_c_defocus_blur_s3/n_samples":6800,"ood/imagenet_c_gaussian_noise_s3/loss":4.848283256081974,"val/loss":4.857428618038402,"ood/imagenet_c_contrast_s3/loss":4.862549405939439,"ood/imagenet_c_fog_s3/loss":4.917516949597527,"train/loss":4.921825392325834,"ood/imagenet_c_gaussian_noise_s3/acc":1.9852941176470589,"ood/imagenet_c_contrast_s3/acc":1.7205882352941178,"_runtime":514,"ood/imagenet_c_defocus_blur_s3/loss":4.849825937607709,"_wandb":{"runtime":514},"epoch":1,"ood/imagenet_c_fog_s3/acc":0.8823529411764706,"ood/imagenet_c/mean_acc":1.6102941176470589,"ood/imagenet_c_defocus_blur_s3/acc":1.8529411764705883,"_step":0,"ood/imagenet_c_fog_s3/n_samples":6800,"lr":0.0009960967771506667,"ood/imagenet_c_contrast_s3/n_samples":6800,"val/acc":1.7941176470588236,"train/acc":1.0176660014513788,"_timestamp":1.7736661444294586e+09,"ood/imagenet_c_gaussian_noise_s3/n_samples":6800}