{
  "ood/imagenet_r/acc": 15.80700514787524,
  "ood/imagenet_a/acc": 2.6344676180021955,
  "ood/imagenet_sketch/acc": 25.340086830680175,
  "ood/imagenet_c/mean_acc": 29.389705882352946,
  "ood/imagenet_c_gaussian_noise_s3/acc": 23.33823529411765,
  "ood/imagenet_c_fog_s3/acc": 27.33823529411765,
  "ood/imagenet_c_defocus_blur_s3/acc": 23.455882352941178,
  "ood/imagenet_c_contrast_s3/acc": 43.4264705882353
}