{"ood/imagenet_a/loss":4.910512143249177,"ood/imagenet_sketch/n_samples":6910,"ood/imagenet_c_fog_s3/loss":4.912252987132353,"ood/imagenet_c_contrast_s3/loss":4.912252987132353,"ood/imagenet_a/acc":0,"ood/imagenet_sketch/acc":0.7380607814761215,"ood/imagenet_a/n_classes":48,"ood/imagenet_c_gaussian_noise_s3/n_samples":6800,"ood/imagenet_r/loss":4.910456306147169,"val/acc":0.7352941176470589,"_wandb":{"runtime":13797},"ood/imagenet_c_defocus_blur_s3/acc":0.7352941176470589,"ood/imagenet_r/n_classes":57,"lr":1e-05,"epoch":25,"ood/imagenet_c_defocus_blur_s3/loss":4.912252987132353,"ood/imagenet_c/mean_acc":0.7352941176470589,"ood/imagenet_c_fog_s3/n_samples":6800,"_runtime":13797,"ood/imagenet_sketch/loss":4.912260311143271,"ood/imagenet_c_contrast_s3/acc":0.7352941176470589,"_step":24,"ood/imagenet_r/n_samples":9907,"ood/imagenet_a/n_samples":1822,"val/loss":4.912252644931569,"ood/imagenet_sketch/n_classes":136,"ood/imagenet_c_contrast_s3/n_samples":6800,"ood/imagenet_c_gaussian_noise_s3/acc":0.7352941176470589,"ood/imagenet_c_defocus_blur_s3/n_samples":6800,"_timestamp":1.7737506564136138e+09,"ood/imagenet_c_gaussian_noise_s3/loss":4.912252987132353,"ood/imagenet_c_fog_s3/acc":0.7352941176470589,"train/acc":0.723421625544267,"train/loss":4.912098036103048,"ood/imagenet_r/acc":1.8673665085293227}