{"_step":5,"ood/imagenet_c_fog_s3/n_samples":6800,"train/acc":37.01696298984035,"ood/imagenet_c_gaussian_noise_s3/acc":16.176470588235293,"val/loss":2.9170427681418025,"ood/imagenet_c_contrast_s3/loss":4.269982158436495,"ood/imagenet_c_defocus_blur_s3/acc":13.25,"epoch":6,"_wandb":{"runtime":3107},"lr":0.0008658394705735986,"_runtime":3107,"_timestamp":1.7736616337904258e+09,"ood/imagenet_c_contrast_s3/n_samples":6800,"ood/imagenet_c_defocus_blur_s3/loss":4.366032257080078,"ood/imagenet_c_fog_s3/acc":22.235294117647058,"ood/imagenet_c_contrast_s3/acc":14.220588235294118,"ood/imagenet_c/mean_acc":16.470588235294116,"ood/imagenet_c_gaussian_noise_s3/n_samples":6800,"ood/imagenet_c_fog_s3/loss":3.405290069580078,"ood/imagenet_c_gaussian_noise_s3/loss":3.971491501752068,"ood/imagenet_c_defocus_blur_s3/n_samples":6800,"val/acc":44.779411764705884,"train/loss":3.07974752528574}