{"val/acc":56.61764705882353,"ood/imagenet_r/acc":12.799030988190168,"_runtime":13795,"ood/imagenet_r/n_classes":57,"ood/imagenet_a/acc":3.2381997804610316,"epoch":25,"ood/imagenet_c_contrast_s3/acc":41.38235294117647,"_timestamp":1.7737506564601858e+09,"_step":24,"ood/imagenet_c_fog_s3/acc":19.36764705882353,"ood/imagenet_c_fog_s3/loss":3.701695125804228,"ood/imagenet_sketch/n_samples":6910,"ood/imagenet_a/n_samples":1822,"ood/imagenet_c/mean_acc":31.253676470588232,"ood/imagenet_c_contrast_s3/loss":2.4568020259632783,"ood/imagenet_c_defocus_blur_s3/n_samples":6800,"ood/imagenet_c_gaussian_noise_s3/acc":23.602941176470587,"ood/imagenet_c_gaussian_noise_s3/n_samples":6800,"ood/imagenet_c_fog_s3/n_samples":6800,"ood/imagenet_sketch/n_classes":136,"lr":1e-05,"ood/imagenet_r/n_samples":9907,"ood/imagenet_sketch/acc":15.282199710564399,"_wandb":{"runtime":13795},"ood/imagenet_r/loss":4.909853464372826,"ood/imagenet_c_gaussian_noise_s3/loss":3.6052058545280907,"val/loss":2.3647215831980986,"train/acc":53.191332547169814,"ood/imagenet_a/n_classes":48,"ood/imagenet_c_contrast_s3/n_samples":6800,"ood/imagenet_a/loss":5.444116248519177,"train/loss":2.495429893017507,"ood/imagenet_c_defocus_blur_s3/acc":40.661764705882355,"ood/imagenet_c_defocus_blur_s3/loss":2.512394000782686,"ood/imagenet_sketch/loss":4.406697491591988}