{"lr":1e-05,"ood/imagenet_c_defocus_blur_s3/loss":2.730317216199987,"ood/imagenet_a/loss":5.370902002315751,"ood/imagenet_a/n_classes":48,"val/loss":2.361380459280575,"ood/imagenet_a/acc":3.512623490669594,"ood/imagenet_c_fog_s3/acc":32.39705882352941,"ood/imagenet_r/n_classes":57,"_timestamp":1.7737450439517548e+09,"_runtime":8223,"ood/imagenet_c_defocus_blur_s3/n_samples":6800,"ood/imagenet_c_fog_s3/loss":2.909210781770594,"ood/imagenet_c_contrast_s3/loss":2.1996496312758502,"val/acc":56.1764705882353,"ood/imagenet_r/loss":4.893937409555827,"ood/imagenet_sketch/n_classes":136,"train/loss":2.513956233275127,"ood/imagenet_c_gaussian_noise_s3/n_samples":6800,"ood/imagenet_a/n_samples":1822,"epoch":25,"ood/imagenet_c_contrast_s3/acc":46.44117647058823,"ood/imagenet_r/acc":13.132128797819723,"ood/imagenet_r/n_samples":9907,"_wandb":{"runtime":8223},"ood/imagenet_sketch/loss":4.19884985124668,"ood/imagenet_c/mean_acc":32.86029411764706,"ood/imagenet_c_contrast_s3/n_samples":6800,"ood/imagenet_c_fog_s3/n_samples":6800,"_step":24,"ood/imagenet_c_gaussian_noise_s3/acc":16.955882352941178,"ood/imagenet_c_defocus_blur_s3/acc":35.64705882352941,"ood/imagenet_c_gaussian_noise_s3/loss":4.065535520104801,"ood/imagenet_sketch/n_samples":6910,"ood/imagenet_sketch/acc":18.234442836468887,"train/acc":52.17990293904209}