{"train/loss":1.858195931887246,"ood/imagenet_c_defocus_blur_s3/n_samples":6800,"val/acc":73.61764705882354,"ood/imagenet_c_fog_s3/n_samples":6800,"ood/imagenet_c_contrast_s3/n_samples":6800,"ood/imagenet_c_fog_s3/acc":41.36764705882353,"ood/imagenet_c_contrast_s3/acc":45.98529411764706,"_wandb":{"runtime":5492},"ood/imagenet_c_gaussian_noise_s3/acc":36.73529411764706,"ood/imagenet_c_defocus_blur_s3/loss":3.0336329925761505,"ood/imagenet_c/mean_acc":39.66176470588235,"train/acc":71.05406386066764,"_runtime":5492,"_step":23,"epoch":24,"ood/imagenet_c_contrast_s3/loss":2.429989575217752,"ood/imagenet_c_gaussian_noise_s3/loss":2.99470500497257,"val/loss":1.771273876358481,"ood/imagenet_c_gaussian_noise_s3/n_samples":6800,"ood/imagenet_c_defocus_blur_s3/acc":34.55882352941177,"_timestamp":1.7736614371956909e+09,"ood/imagenet_c_fog_s3/loss":2.7115947398017433,"lr":1.3903222849333509e-05}