{"_runtime":3104,"ood/imagenet_c_contrast_s3/n_samples":6800,"_wandb":{"runtime":3104},"ood/imagenet_c_gaussian_noise_s3/acc":11.823529411764707,"ood/imagenet_c_defocus_blur_s3/n_samples":6800,"ood/imagenet_c_fog_s3/acc":21.308823529411764,"ood/imagenet_c_contrast_s3/loss":3.6806661224365236,"_timestamp":1.7736692197282858e+09,"train/loss":3.221469563565856,"train/acc":33.11808327285922,"ood/imagenet_c_fog_s3/loss":3.474343432258157,"val/acc":42.661764705882355,"ood/imagenet_c_defocus_blur_s3/acc":14.985294117647058,"ood/imagenet_c_fog_s3/n_samples":6800,"ood/imagenet_c/mean_acc":16.19485294117647,"ood/imagenet_c_contrast_s3/acc":16.66176470588235,"ood/imagenet_c_gaussian_noise_s3/n_samples":6800,"epoch":5,"val/loss":2.8519786240072813,"lr":0.0009054634122155989,"ood/imagenet_c_defocus_blur_s3/loss":3.926334192612592,"_step":4,"ood/imagenet_c_gaussian_noise_s3/loss":4.481403256584616}