{"train/acc":50.83681059506531,"val/loss":2.432459613575655,"ood/imagenet_c_defocus_blur_s3/acc":38.279411764705884,"ood/imagenet_c_fog_s3/n_samples":6800,"ood/imagenet_a/loss":5.315550554466038,"_step":24,"ood/imagenet_r/acc":12.486120924598769,"_runtime":8469,"epoch":25,"lr":1e-05,"ood/imagenet_r/n_classes":57,"ood/imagenet_c_gaussian_noise_s3/n_samples":6800,"ood/imagenet_sketch/n_samples":6910,"_timestamp":1.7737453076318219e+09,"ood/imagenet_r/n_samples":9907,"ood/imagenet_c_contrast_s3/acc":45.39705882352941,"ood/imagenet_c_contrast_s3/loss":2.2744966720132265,"ood/imagenet_r/loss":4.889362870521811,"ood/imagenet_c_gaussian_noise_s3/loss":4.1487081280876605,"ood/imagenet_c_gaussian_noise_s3/acc":15.029411764705882,"train/loss":2.56568835608672,"ood/imagenet_sketch/acc":15.108538350217076,"ood/imagenet_c_fog_s3/acc":25.220588235294116,"ood/imagenet_c_contrast_s3/n_samples":6800,"ood/imagenet_a/acc":3.4577387486278814,"val/acc":54.44117647058823,"_wandb":{"runtime":8469},"ood/imagenet_c_defocus_blur_s3/n_samples":6800,"ood/imagenet_c_defocus_blur_s3/loss":2.645864401424632,"ood/imagenet_a/n_classes":48,"ood/imagenet_c_fog_s3/loss":3.3065342286053827,"ood/imagenet_sketch/n_classes":136,"ood/imagenet_a/n_samples":1822,"ood/imagenet_c/mean_acc":30.981617647058826,"ood/imagenet_sketch/loss":4.368890104832077}