{"ood/imagenet_c_defocus_blur_s3/n_samples":6800,"ood/imagenet_r/n_classes":57,"epoch":25,"ood/imagenet_r/loss":4.854700026555945,"ood/imagenet_c_gaussian_noise_s3/acc":18.735294117647058,"ood/imagenet_sketch/n_samples":6910,"_step":24,"ood/imagenet_c_contrast_s3/loss":2.2644800379697014,"ood/imagenet_a/acc":3.402854006586169,"_wandb":{"runtime":10004},"ood/imagenet_a/n_samples":1822,"ood/imagenet_sketch/loss":4.1554582423308135,"ood/imagenet_c_defocus_blur_s3/loss":2.5794768939298742,"_runtime":10004,"ood/imagenet_c_fog_s3/acc":32.85294117647059,"_timestamp":1.773746849175519e+09,"ood/imagenet_c/mean_acc":34.20220588235294,"ood/imagenet_c_defocus_blur_s3/acc":39.544117647058826,"train/loss":2.2954657877131712,"ood/imagenet_sketch/acc":18.581765557163532,"ood/imagenet_c_fog_s3/n_samples":6800,"val/acc":60.970588235294116,"ood/imagenet_c_contrast_s3/acc":45.6764705882353,"ood/imagenet_c_fog_s3/loss":2.945536194969626,"ood/imagenet_a/n_classes":48,"ood/imagenet_c_gaussian_noise_s3/loss":3.8870599836461683,"train/acc":58.59658472423803,"ood/imagenet_c_gaussian_noise_s3/n_samples":6800,"val/loss":2.1945919637119067,"ood/imagenet_c_contrast_s3/n_samples":6800,"ood/imagenet_a/loss":5.45311159883451,"ood/imagenet_r/n_samples":9907,"ood/imagenet_r/acc":13.596446956697285,"lr":1e-05,"ood/imagenet_sketch/n_classes":136}