{"_step":19,"ood/imagenet_c_defocus_blur_s3/n_samples":6800,"ood/imagenet_c_defocus_blur_s3/loss":2.9578818579281076,"train/acc":51.29887064586357,"ood/imagenet_c_gaussian_noise_s3/acc":18.897058823529413,"_timestamp":1.773672962606896e+09,"ood/imagenet_c_gaussian_noise_s3/loss":3.8242165874032414,"ood/imagenet_c_gaussian_noise_s3/n_samples":6800,"ood/imagenet_c_contrast_s3/loss":2.4029177536683926,"val/acc":56.779411764705884,"train/loss":2.5586617833817127,"ood/imagenet_c/mean_acc":30.084558823529413,"epoch":20,"_wandb":{"runtime":6422},"ood/imagenet_c_fog_s3/acc":26.720588235294116,"_runtime":6422,"ood/imagenet_c_fog_s3/n_samples":6800,"val/loss":2.366357555950389,"ood/imagenet_c_defocus_blur_s3/acc":32.044117647058826,"ood/imagenet_c_fog_s3/loss":3.232541124680463,"ood/imagenet_c_contrast_s3/n_samples":6800,"ood/imagenet_c_contrast_s3/acc":42.6764705882353,"lr":0.00010453658778440104}