{"ood/imagenet_c_defocus_blur_s3/loss":2.715345333884744,"ood/imagenet_c_fog_s3/acc":34.30882352941177,"ood/imagenet_c_gaussian_noise_s3/loss":4.022214204563814,"ood/imagenet_c_defocus_blur_s3/acc":35.720588235294116,"ood/imagenet_sketch/acc":17.88712011577424,"ood/imagenet_c_gaussian_noise_s3/n_samples":6800,"val/loss":2.4316295186211083,"ood/imagenet_a/acc":3.128430296377607,"ood/imagenet_c_gaussian_noise_s3/acc":15.705882352941176,"ood/imagenet_c_contrast_s3/loss":2.203985951087054,"ood/imagenet_c_fog_s3/loss":2.744941837086397,"val/acc":54.161764705882355,"ood/imagenet_r/n_samples":9907,"ood/imagenet_c_fog_s3/n_samples":6800,"ood/imagenet_sketch/n_classes":136,"train/loss":2.6104484746348877,"ood/imagenet_c/mean_acc":33.07352941176471,"_timestamp":1.7737450447183454e+09,"ood/imagenet_c_contrast_s3/acc":46.55882352941177,"ood/imagenet_c_contrast_s3/n_samples":6800,"lr":1e-05,"train/acc":49.48294629898403,"ood/imagenet_c_defocus_blur_s3/n_samples":6800,"_runtime":8202,"_wandb":{"runtime":8202},"ood/imagenet_sketch/n_samples":6910,"ood/imagenet_a/n_samples":1822,"ood/imagenet_r/n_classes":57,"ood/imagenet_a/n_classes":48,"_step":24,"ood/imagenet_r/loss":4.767016718242488,"ood/imagenet_sketch/loss":4.04445173012365,"epoch":25,"ood/imagenet_r/acc":13.182598162915111,"ood/imagenet_a/loss":5.3291395498290415}