{"ood/imagenet_c_contrast_s3/acc":23.029411764705884,"ood/imagenet_c_defocus_blur_s3/acc":21.5,"ood/imagenet_c_contrast_s3/loss":3.328802634968477,"train/loss":3.589961391055878,"ood/imagenet_c_gaussian_noise_s3/n_samples":6800,"ood/imagenet_c_defocus_blur_s3/loss":3.444003521414364,"ood/imagenet_c_fog_s3/loss":3.794770788304946,"ood/imagenet_c_defocus_blur_s3/n_samples":6800,"train/acc":24.18303247460087,"ood/imagenet_c_gaussian_noise_s3/acc":10.941176470588236,"_timestamp":1.773669322739275e+09,"ood/imagenet_c_gaussian_noise_s3/loss":4.405379143322215,"lr":0.0007702342635146031,"_runtime":3087,"epoch":8,"ood/imagenet_c/mean_acc":17.672794117647058,"val/acc":28.58823529411765,"_step":7,"ood/imagenet_c_contrast_s3/n_samples":6800,"_wandb":{"runtime":3087},"val/loss":3.349321177987491,"ood/imagenet_c_fog_s3/n_samples":6800,"ood/imagenet_c_fog_s3/acc":15.220588235294118}