{"ood/imagenet_c_fog_s3/loss":2.7348625463597913,"ood/imagenet_c_contrast_s3/loss":2.4015330123901366,"ood/imagenet_c_gaussian_noise_s3/n_samples":6800,"_timestamp":1.7737429386564634e+09,"_wandb":{"runtime":6120},"ood/imagenet_sketch/n_samples":6910,"ood/imagenet_c_gaussian_noise_s3/loss":3.0885561757929185,"val/acc":73.1470588235294,"ood/imagenet_sketch/loss":3.7261801957049006,"_runtime":6120,"ood/imagenet_r/n_samples":9907,"ood/imagenet_r/loss":4.886395995691757,"train/loss":1.8310695698022497,"val/loss":1.7633869827494901,"ood/imagenet_c_contrast_s3/n_samples":6800,"ood/imagenet_c/mean_acc":39.55882352941176,"ood/imagenet_a/n_samples":1822,"train/acc":71.71568849782294,"ood/imagenet_c_fog_s3/n_samples":6800,"ood/imagenet_sketch/n_classes":136,"ood/imagenet_c_defocus_blur_s3/acc":34.088235294117645,"ood/imagenet_a/loss":5.432627244524323,"ood/imagenet_a/acc":3.0186608122941823,"ood/imagenet_c_contrast_s3/acc":47.470588235294116,"ood/imagenet_r/n_classes":57,"ood/imagenet_sketch/acc":22.243125904486252,"ood/imagenet_c_gaussian_noise_s3/acc":35.01470588235294,"ood/imagenet_r/acc":11.648329464015342,"epoch":25,"ood/imagenet_a/n_classes":48,"_step":24,"ood/imagenet_c_fog_s3/acc":41.661764705882355,"ood/imagenet_c_defocus_blur_s3/n_samples":6800,"ood/imagenet_c_defocus_blur_s3/loss":3.0607728643978342,"lr":1e-05}