{"_timestamp":1.7736693218726745e+09,"ood/imagenet_c_defocus_blur_s3/n_samples":6800,"ood/imagenet_c_contrast_s3/acc":20.352941176470587,"_wandb":{"runtime":3095},"ood/imagenet_c_defocus_blur_s3/loss":3.464354714786305,"ood/imagenet_c_fog_s3/acc":16.602941176470587,"ood/imagenet_c_contrast_s3/n_samples":6800,"ood/imagenet_c_gaussian_noise_s3/n_samples":6800,"lr":0.0007702342635146031,"_runtime":3095,"ood/imagenet_c_gaussian_noise_s3/acc":13.588235294117647,"ood/imagenet_c_gaussian_noise_s3/loss":4.160084409713745,"ood/imagenet_c_contrast_s3/loss":3.5270472515330593,"ood/imagenet_c_fog_s3/n_samples":6800,"epoch":8,"ood/imagenet_c_fog_s3/loss":3.75456446872038,"ood/imagenet_c_defocus_blur_s3/acc":21.058823529411764,"train/acc":26.268822568940493,"val/acc":31.691176470588236,"ood/imagenet_c/mean_acc":17.900735294117645,"val/loss":3.2905870033712947,"train/loss":3.51645770024492,"_step":7}