{"_timestamp":1.7736689436485653e+09,"_wandb":{"runtime":2914},"lr":0.0009387718066217124,"train/acc":16.292861030478957,"ood/imagenet_c_defocus_blur_s3/acc":17.970588235294116,"ood/imagenet_c_defocus_blur_s3/n_samples":6800,"ood/imagenet_c_gaussian_noise_s3/loss":4.061814673928653,"_runtime":2914,"val/acc":21.91176470588235,"val/loss":3.706688175762401,"ood/imagenet_c_defocus_blur_s3/loss":3.671316142362707,"train/loss":3.9799322784379534,"epoch":4,"ood/imagenet_c_contrast_s3/loss":3.90573096780216,"_step":3,"ood/imagenet_c_contrast_s3/acc":13.367647058823529,"ood/imagenet_c_fog_s3/acc":7.205882352941177,"ood/imagenet_c/mean_acc":12.970588235294116,"ood/imagenet_c_gaussian_noise_s3/n_samples":6800,"ood/imagenet_c_gaussian_noise_s3/acc":13.338235294117647,"ood/imagenet_c_fog_s3/loss":4.4179158109777115,"ood/imagenet_c_fog_s3/n_samples":6800,"ood/imagenet_c_contrast_s3/n_samples":6800}