{
  "ood/imagenet_r/acc": 0.9387301907742,
  "ood/imagenet_a/acc": 0.32930845225027444,
  "ood/imagenet_sketch/acc": 1.3024602026049203,
  "ood/imagenet_c/mean_acc": 9.492647058823527,
  "ood/imagenet_c_gaussian_noise_s3/acc": 0.8676470588235294,
  "ood/imagenet_c_fog_s3/acc": 6.735294117647059,
  "ood/imagenet_c_defocus_blur_s3/acc": 2.338235294117647,
  "ood/imagenet_c_contrast_s3/acc": 28.029411764705884
}