{"_step":1,"_timestamp":1.773666320801378e+09,"epoch":2,"lr":0.0009844486647586723,"ood/imagenet_c_fog_s3/loss":4.283299615523394,"ood/imagenet_c_defocus_blur_s3/n_samples":6800,"_wandb":{"runtime":666},"ood/imagenet_c_contrast_s3/acc":9.808823529411764,"ood/imagenet_c_fog_s3/n_samples":6800,"train/loss":3.9484671937363935,"ood/imagenet_c/mean_acc":10.430147058823529,"_runtime":666,"ood/imagenet_c_contrast_s3/loss":4.464244024613325,"ood/imagenet_c_gaussian_noise_s3/loss":4.2435517456952265,"ood/imagenet_c_defocus_blur_s3/loss":4.281402950286865,"val/acc":23.044117647058822,"ood/imagenet_c_contrast_s3/n_samples":6800,"val/loss":3.6211486822016097,"train/acc":16.31610576923077,"ood/imagenet_c_gaussian_noise_s3/n_samples":6800,"ood/imagenet_c_defocus_blur_s3/acc":10.941176470588236,"ood/imagenet_c_gaussian_noise_s3/acc":10.897058823529411,"ood/imagenet_c_fog_s3/acc":10.073529411764707}