{"_wandb":{"runtime":5793},"ood/imagenet_c_contrast_s3/loss":2.800992420981912,"ood/imagenet_c_contrast_s3/n_samples":6800,"ood/imagenet_c_gaussian_noise_s3/loss":3.939797046885771,"val/acc":50.13235294117647,"_timestamp":1.7736614322690504e+09,"ood/imagenet_c_fog_s3/acc":18.86764705882353,"ood/imagenet_c_fog_s3/loss":3.697933312023387,"epoch":17,"ood/imagenet_c_contrast_s3/acc":34.0735294117647,"ood/imagenet_c_gaussian_noise_s3/acc":17.529411764705884,"ood/imagenet_c_fog_s3/n_samples":6800,"ood/imagenet_c_gaussian_noise_s3/n_samples":6800,"_runtime":5793,"train/loss":2.784067715892598,"ood/imagenet_c_defocus_blur_s3/n_samples":6800,"lr":0.00023976573648539648,"ood/imagenet_c_defocus_blur_s3/loss":2.953064475340002,"val/loss":2.616643109602087,"ood/imagenet_c_defocus_blur_s3/acc":30.897058823529413,"ood/imagenet_c/mean_acc":25.341911764705884,"train/acc":45.076650943396224,"_step":16}