{"ood/imagenet_r/loss":4.9551997371503,"ood/imagenet_c_gaussian_noise_s3/n_samples":6800,"ood/imagenet_sketch/n_samples":6910,"ood/imagenet_a/acc":3.6772777167947313,"ood/imagenet_c/mean_acc":29.926470588235293,"_step":24,"epoch":25,"val/acc":55.86764705882353,"train/loss":2.518155345722968,"ood/imagenet_r/n_classes":57,"val/loss":2.3772513311049517,"ood/imagenet_c_fog_s3/acc":22.5,"ood/imagenet_sketch/loss":4.423507496658524,"train/acc":52.387971698113205,"ood/imagenet_c_contrast_s3/acc":41.73529411764706,"ood/imagenet_sketch/n_classes":136,"ood/imagenet_c_defocus_blur_s3/n_samples":6800,"lr":1e-05,"ood/imagenet_a/loss":5.396113342825328,"ood/imagenet_r/acc":12.506308670636923,"ood/imagenet_c_defocus_blur_s3/loss":2.580601524745717,"ood/imagenet_c_fog_s3/n_samples":6800,"ood/imagenet_c_gaussian_noise_s3/acc":15.676470588235293,"ood/imagenet_c_contrast_s3/n_samples":6800,"ood/imagenet_sketch/acc":15.007235890014472,"ood/imagenet_c_fog_s3/loss":3.4648276026108684,"_runtime":8196,"ood/imagenet_c_defocus_blur_s3/acc":39.794117647058826,"ood/imagenet_r/n_samples":9907,"ood/imagenet_c_gaussian_noise_s3/loss":4.135041810204001,"ood/imagenet_a/n_samples":1822,"ood/imagenet_c_contrast_s3/loss":2.4503755541408765,"ood/imagenet_a/n_classes":48,"_timestamp":1.7737450666390007e+09,"_wandb":{"runtime":8196}}