{"ood/imagenet_c_contrast_s3/loss":2.4470466333277083,"val/loss":2.589988260269165,"_runtime":5963,"train/loss":2.778975665309779,"ood/imagenet_c_gaussian_noise_s3/loss":4.221850718329934,"ood/imagenet_c_contrast_s3/n_samples":6800,"train/acc":44.809619920174164,"ood/imagenet_c/mean_acc":27.272058823529413,"ood/imagenet_c_contrast_s3/acc":41.60294117647059,"val/acc":49.544117647058826,"ood/imagenet_c_fog_s3/acc":21.308823529411764,"ood/imagenet_c_fog_s3/loss":3.5273744038974537,"epoch":18,"_step":17,"_wandb":{"runtime":5963},"lr":0.00018947512507439852,"ood/imagenet_c_defocus_blur_s3/loss":2.924631625624264,"ood/imagenet_c_gaussian_noise_s3/acc":14.029411764705882,"_timestamp":1.7736619254115882e+09,"ood/imagenet_c_defocus_blur_s3/n_samples":6800,"ood/imagenet_c_fog_s3/n_samples":6800,"ood/imagenet_c_defocus_blur_s3/acc":32.14705882352941,"ood/imagenet_c_gaussian_noise_s3/n_samples":6800}