{"ood/imagenet_c_contrast_s3/loss":3.7954063146254597,"ood/imagenet_c_contrast_s3/n_samples":6800,"train/acc":39.52172532656023,"ood/imagenet_c_fog_s3/n_samples":6800,"_step":5,"train/loss":2.9788823674482945,"ood/imagenet_c_gaussian_noise_s3/loss":4.418696540383731,"ood/imagenet_c_fog_s3/acc":24.602941176470587,"ood/imagenet_c_defocus_blur_s3/acc":13.926470588235293,"lr":0.0008658394705735986,"ood/imagenet_c_gaussian_noise_s3/n_samples":6800,"ood/imagenet_c_gaussian_noise_s3/acc":12.411764705882353,"ood/imagenet_c_contrast_s3/acc":15.779411764705882,"ood/imagenet_c_defocus_blur_s3/loss":3.992474930707146,"_wandb":{"runtime":3099},"val/acc":44.3235294117647,"ood/imagenet_c_fog_s3/loss":3.2809779088637407,"_timestamp":1.773669701403527e+09,"epoch":6,"val/loss":2.773808078204884,"ood/imagenet_c/mean_acc":16.68014705882353,"ood/imagenet_c_defocus_blur_s3/n_samples":6800,"_runtime":3099}