{"_timestamp":1.773666462106812e+09,"ood/imagenet_c_fog_s3/n_samples":6800,"lr":0.0009960967771506667,"_runtime":674,"ood/imagenet_c_gaussian_noise_s3/loss":4.712813110351562,"ood/imagenet_c_defocus_blur_s3/n_samples":6800,"train/acc":6.430288461538462,"train/loss":4.506306198408019,"ood/imagenet_c_contrast_s3/acc":4.279411764705882,"ood/imagenet_c_defocus_blur_s3/acc":9.279411764705882,"ood/imagenet_c_fog_s3/acc":5,"ood/imagenet_c_contrast_s3/loss":4.67954543169807,"ood/imagenet_c/mean_acc":6,"ood/imagenet_c_fog_s3/loss":4.515620548023897,"_wandb":{"runtime":674},"val/loss":4.079677425833309,"ood/imagenet_c_gaussian_noise_s3/n_samples":6800,"ood/imagenet_c_contrast_s3/n_samples":6800,"ood/imagenet_c_defocus_blur_s3/loss":4.1707201879164755,"epoch":1,"ood/imagenet_c_gaussian_noise_s3/acc":5.4411764705882355,"_step":0,"val/acc":13.176470588235293}