{"ood/imagenet_c_gaussian_noise_s3/acc":14.691176470588236,"ood/imagenet_c_fog_s3/loss":4.336297356100643,"ood/imagenet_c_defocus_blur_s3/acc":20.88235294117647,"ood/imagenet_c_contrast_s3/acc":18.602941176470587,"ood/imagenet_c_fog_s3/n_samples":6800,"val/acc":29.235294117647058,"_step":4,"_wandb":{"runtime":2931},"ood/imagenet_c_gaussian_noise_s3/n_samples":6800,"ood/imagenet_c_contrast_s3/loss":3.570438331155216,"_runtime":2931,"_timestamp":1.773661436192132e+09,"train/acc":23.11320754716981,"ood/imagenet_c_fog_s3/acc":10.088235294117647,"epoch":5,"train/loss":3.6653487561230045,"ood/imagenet_c_defocus_blur_s3/n_samples":6800,"ood/imagenet_c_gaussian_noise_s3/loss":4.008743788775276,"lr":0.0009054634122155989,"ood/imagenet_c/mean_acc":16.066176470588236,"ood/imagenet_c_defocus_blur_s3/loss":3.4972998136632585,"val/loss":3.4003692957934213,"ood/imagenet_c_contrast_s3/n_samples":6800}