{"ood/imagenet_c_fog_s3/acc":36.0735294117647,"ood/imagenet_sketch/n_samples":6910,"ood/imagenet_a/n_classes":48,"ood/imagenet_c/mean_acc":35.49264705882353,"ood/imagenet_c_gaussian_noise_s3/loss":3.7759512940575095,"ood/imagenet_a/n_samples":1822,"epoch":25,"ood/imagenet_c_defocus_blur_s3/acc":36.11764705882353,"train/acc":51.92704553701016,"_step":24,"ood/imagenet_c_defocus_blur_s3/n_samples":6800,"_wandb":{"runtime":8222},"ood/imagenet_c_contrast_s3/loss":2.1014579739290125,"ood/imagenet_c_fog_s3/n_samples":6800,"ood/imagenet_r/n_samples":9907,"ood/imagenet_sketch/n_classes":136,"ood/imagenet_r/acc":14.43423841728071,"ood/imagenet_c_contrast_s3/acc":49.51470588235294,"ood/imagenet_sketch/acc":20.303907380607814,"ood/imagenet_r/loss":4.724799891491404,"lr":1e-05,"_timestamp":1.7737450439551334e+09,"ood/imagenet_sketch/loss":3.9338627416387135,"ood/imagenet_a/loss":5.3661402530649225,"ood/imagenet_c_contrast_s3/n_samples":6800,"train/loss":2.5253287925775583,"val/acc":56.1764705882353,"ood/imagenet_a/acc":3.0186608122941823,"ood/imagenet_c_defocus_blur_s3/loss":2.699366512298584,"ood/imagenet_c_gaussian_noise_s3/acc":20.264705882352942,"ood/imagenet_r/n_classes":57,"_runtime":8222,"ood/imagenet_c_fog_s3/loss":2.7208142785465017,"ood/imagenet_c_gaussian_noise_s3/n_samples":6800,"val/loss":2.3564677030899945}