{
  "ood/imagenet_r/acc": 0.4945997779347936,
  "ood/imagenet_a/acc": 0.823271130625686,
  "ood/imagenet_sketch/acc": 0.6367583212735166,
  "ood/imagenet_c/mean_acc": 5.963235294117648,
  "ood/imagenet_c_gaussian_noise_s3/acc": 0.7205882352941176,
  "ood/imagenet_c_fog_s3/acc": 3.9705882352941178,
  "ood/imagenet_c_defocus_blur_s3/acc": 1.5735294117647058,
  "ood/imagenet_c_contrast_s3/acc": 17.58823529411765
}