{"ood/imagenet_c_defocus_blur_s3/n_samples":6800,"ood/imagenet_c_defocus_blur_s3/loss":3.002296317605411,"train/acc":48.64613570391872,"ood/imagenet_c_fog_s3/acc":25.044117647058822,"ood/imagenet_c_contrast_s3/loss":2.6024780452952667,"ood/imagenet_c_gaussian_noise_s3/loss":3.912787266899558,"_runtime":5801,"val/acc":54.69117647058823,"_step":17,"ood/imagenet_c_contrast_s3/acc":38.279411764705884,"epoch":18,"ood/imagenet_c/mean_acc":28.16544117647059,"train/loss":2.652579032111756,"ood/imagenet_c_defocus_blur_s3/acc":30.83823529411765,"ood/imagenet_c_gaussian_noise_s3/n_samples":6800,"ood/imagenet_c_fog_s3/n_samples":6800,"lr":0.00018947512507439852,"_timestamp":1.7736618027017963e+09,"ood/imagenet_c_contrast_s3/n_samples":6800,"_wandb":{"runtime":5801},"ood/imagenet_c_gaussian_noise_s3/acc":18.5,"val/loss":2.4311208831562716,"ood/imagenet_c_fog_s3/loss":3.314474999483894}