{"ood/imagenet_c/mean_acc":17.783088235294116,"train/loss":3.3365816910830914,"lr":0.0008658394705735986,"val/loss":3.0360722109850715,"_step":5,"_wandb":{"runtime":2954},"ood/imagenet_c_fog_s3/n_samples":6800,"ood/imagenet_c_gaussian_noise_s3/loss":4.208127057131599,"_timestamp":1.7736691221409106e+09,"_runtime":2954,"ood/imagenet_c_contrast_s3/loss":3.354906598820406,"epoch":6,"ood/imagenet_c_contrast_s3/n_samples":6800,"ood/imagenet_c_gaussian_noise_s3/acc":13.426470588235293,"ood/imagenet_c_fog_s3/acc":12.323529411764707,"val/acc":37.63235294117647,"ood/imagenet_c_gaussian_noise_s3/n_samples":6800,"ood/imagenet_c_defocus_blur_s3/n_samples":6800,"train/acc":30.91040003628447,"ood/imagenet_c_defocus_blur_s3/acc":22.985294117647058,"ood/imagenet_c_contrast_s3/acc":22.397058823529413,"ood/imagenet_c_defocus_blur_s3/loss":3.3810985525916606,"ood/imagenet_c_fog_s3/loss":4.112541029313031}