{"lr":0.0008658394705735986,"ood/imagenet_c_gaussian_noise_s3/n_samples":6800,"ood/imagenet_c_contrast_s3/n_samples":6800,"ood/imagenet_c_fog_s3/acc":23.897058823529413,"train/acc":39.00183690130624,"val/loss":2.7266571521759033,"ood/imagenet_c_contrast_s3/acc":17.014705882352942,"ood/imagenet_c_fog_s3/loss":3.3200623186896827,"epoch":6,"ood/imagenet_c_gaussian_noise_s3/acc":16.044117647058822,"ood/imagenet_c_fog_s3/n_samples":6800,"_timestamp":1.7736697272276447e+09,"ood/imagenet_c_defocus_blur_s3/acc":18.455882352941178,"_step":5,"ood/imagenet_c_contrast_s3/loss":3.6941182304831113,"_wandb":{"runtime":3128},"ood/imagenet_c/mean_acc":18.852941176470587,"train/loss":3.0052119948521407,"_runtime":3128,"val/acc":45.529411764705884,"ood/imagenet_c_defocus_blur_s3/loss":3.7143286491842833,"ood/imagenet_c_defocus_blur_s3/n_samples":6800,"ood/imagenet_c_gaussian_noise_s3/loss":4.119464147231158}