{"_step":0,"epoch":1,"_timestamp":1.7736661205236998e+09,"ood/imagenet_c_fog_s3/n_samples":6800,"_runtime":518,"ood/imagenet_c_defocus_blur_s3/loss":4.792657969979679,"ood/imagenet_c_fog_s3/acc":1.0294117647058822,"ood/imagenet_c_contrast_s3/loss":4.7969545656092025,"lr":0.0009960967771506667,"_wandb":{"runtime":518},"train/acc":0.9796806966618288,"val/loss":4.792478951846852,"ood/imagenet_c_gaussian_noise_s3/n_samples":6800,"ood/imagenet_c_gaussian_noise_s3/loss":4.780479667887968,"ood/imagenet_c_defocus_blur_s3/n_samples":6800,"ood/imagenet_c_fog_s3/loss":4.965094207314884,"ood/imagenet_c_contrast_s3/acc":1.6764705882352942,"train/loss":4.913177003016147,"ood/imagenet_c/mean_acc":1.5698529411764708,"val/acc":1.838235294117647,"ood/imagenet_c_gaussian_noise_s3/acc":1.8529411764705883,"ood/imagenet_c_defocus_blur_s3/acc":1.7205882352941178,"ood/imagenet_c_contrast_s3/n_samples":6800}