{"train/acc":52.59377267779391,"val/acc":55.38235294117647,"train/loss":2.4919256423485123,"ood/imagenet_c_defocus_blur_s3/loss":3.3695364217197192,"val/loss":2.364110096763162,"ood/imagenet_c_fog_s3/n_samples":6800,"ood/imagenet_c/mean_acc":30.091911764705884,"_wandb":{"runtime":3015},"lr":0.0005977537507199336,"ood/imagenet_c_contrast_s3/n_samples":6800,"_runtime":3015,"ood/imagenet_c_defocus_blur_s3/n_samples":6800,"ood/imagenet_c_contrast_s3/loss":2.982387647628784,"ood/imagenet_c_gaussian_noise_s3/n_samples":6800,"_step":10,"ood/imagenet_c_contrast_s3/acc":33.36764705882353,"epoch":11,"ood/imagenet_c_gaussian_noise_s3/loss":3.2561730945811553,"ood/imagenet_c_fog_s3/loss":3.18160743376788,"ood/imagenet_c_gaussian_noise_s3/acc":29.544117647058822,"_timestamp":1.7736693299595518e+09,"ood/imagenet_c_fog_s3/acc":30.323529411764707,"ood/imagenet_c_defocus_blur_s3/acc":27.13235294117647}