{"ood/imagenet_c_gaussian_noise_s3/n_samples":6800,"epoch":6,"ood/imagenet_c_fog_s3/acc":21.735294117647058,"train/loss":3.4671809801342524,"val/loss":3.198681994045482,"val/acc":33.55882352941177,"_wandb":{"runtime":2959},"ood/imagenet_c_fog_s3/n_samples":6800,"lr":0.0008658394705735986,"_timestamp":1.7736691220202935e+09,"ood/imagenet_c_defocus_blur_s3/loss":3.2932080885943242,"ood/imagenet_c_fog_s3/loss":3.431587011112886,"ood/imagenet_c/mean_acc":19.455882352941174,"_runtime":2959,"ood/imagenet_c_contrast_s3/loss":3.431551502452177,"train/acc":27.36416001451379,"_step":5,"ood/imagenet_c_defocus_blur_s3/n_samples":6800,"ood/imagenet_c_gaussian_noise_s3/acc":10.147058823529411,"ood/imagenet_c_gaussian_noise_s3/loss":4.593579653571633,"ood/imagenet_c_contrast_s3/acc":21.647058823529413,"ood/imagenet_c_defocus_blur_s3/acc":24.294117647058822,"ood/imagenet_c_contrast_s3/n_samples":6800}