{"ood/imagenet_c_fog_s3/acc":18.955882352941178,"_wandb":{"runtime":3094},"lr":0.0007702342635146031,"val/acc":27.75,"_step":7,"ood/imagenet_c_contrast_s3/loss":3.217888119641472,"_runtime":3094,"ood/imagenet_c_gaussian_noise_s3/n_samples":6800,"ood/imagenet_c_fog_s3/n_samples":6800,"ood/imagenet_c_defocus_blur_s3/loss":3.455577511506922,"ood/imagenet_c/mean_acc":19.3125,"_timestamp":1.7736693274063792e+09,"ood/imagenet_c_contrast_s3/acc":24.794117647058822,"ood/imagenet_c_defocus_blur_s3/n_samples":6800,"ood/imagenet_c_defocus_blur_s3/acc":20.485294117647058,"ood/imagenet_c_fog_s3/loss":3.570645319994758,"ood/imagenet_c_contrast_s3/n_samples":6800,"val/loss":3.4421145568174474,"ood/imagenet_c_gaussian_noise_s3/loss":4.182381315231323,"train/loss":3.554151737119013,"train/acc":24.871303519593614,"epoch":8,"ood/imagenet_c_gaussian_noise_s3/acc":13.014705882352942}