{"_timestamp":1.7737429378845308e+09,"ood/imagenet_sketch/n_classes":136,"ood/imagenet_r/n_samples":9907,"ood/imagenet_r/n_classes":57,"ood/imagenet_a/n_classes":48,"ood/imagenet_c/mean_acc":38.83823529411765,"ood/imagenet_r/acc":11.517109114767337,"_runtime":6120,"val/acc":72.42647058823529,"epoch":25,"ood/imagenet_sketch/acc":22.749638205499277,"ood/imagenet_a/acc":2.469813391877058,"ood/imagenet_c_fog_s3/n_samples":6800,"lr":1e-05,"ood/imagenet_r/loss":4.912377288077522,"ood/imagenet_c_contrast_s3/acc":45.6764705882353,"ood/imagenet_a/n_samples":1822,"ood/imagenet_a/loss":5.472177341138754,"ood/imagenet_c_gaussian_noise_s3/loss":3.0313918001511517,"ood/imagenet_sketch/loss":3.7191701105120556,"train/loss":1.8782120969022134,"_wandb":{"runtime":6120},"ood/imagenet_c_fog_s3/loss":2.800690973506254,"_step":24,"ood/imagenet_c_contrast_s3/loss":2.447929807550767,"ood/imagenet_c_defocus_blur_s3/loss":3.0711973319334143,"ood/imagenet_c_gaussian_noise_s3/acc":35.779411764705884,"ood/imagenet_sketch/n_samples":6910,"val/loss":1.8017305918300852,"ood/imagenet_c_defocus_blur_s3/n_samples":6800,"ood/imagenet_c_fog_s3/acc":40.14705882352941,"ood/imagenet_c_contrast_s3/n_samples":6800,"train/acc":70.48825290275762,"ood/imagenet_c_gaussian_noise_s3/n_samples":6800,"ood/imagenet_c_defocus_blur_s3/acc":33.75}