{"_step":24,"ood/imagenet_c_fog_s3/n_samples":6800,"ood/imagenet_c_defocus_blur_s3/n_samples":6800,"epoch":25,"_timestamp":1.773659718967413e+09,"train/acc":71.14364114658926,"_runtime":5528,"ood/imagenet_c_defocus_blur_s3/loss":3.0627398311390595,"ood/imagenet_c_contrast_s3/acc":46.98529411764706,"ood/imagenet_c_contrast_s3/loss":2.392077746671789,"ood/imagenet_c/mean_acc":39.68382352941176,"ood/imagenet_c_defocus_blur_s3/acc":33.94117647058823,"val/acc":73.19117647058823,"ood/imagenet_c_gaussian_noise_s3/loss":3.1125984276042264,"lr":1e-05,"ood/imagenet_c_gaussian_noise_s3/n_samples":6800,"ood/imagenet_c_fog_s3/acc":41.705882352941174,"train/loss":1.8588546509320574,"_wandb":{"runtime":5528},"val/loss":1.7700130036297967,"ood/imagenet_c_gaussian_noise_s3/acc":36.10294117647059,"ood/imagenet_c_contrast_s3/n_samples":6800,"ood/imagenet_c_fog_s3/loss":2.730283571692074}