{"ood/imagenet_c_gaussian_noise_s3/loss":4.14654172448551,"ood/imagenet_c_defocus_blur_s3/n_samples":6800,"_timestamp":1.7736616491794386e+09,"ood/imagenet_c_fog_s3/acc":22.058823529411764,"ood/imagenet_c_defocus_blur_s3/acc":31.955882352941178,"_runtime":4892,"ood/imagenet_c_contrast_s3/acc":35.0735294117647,"ood/imagenet_c/mean_acc":25.966911764705884,"ood/imagenet_c_contrast_s3/loss":2.7188282775878907,"ood/imagenet_c_contrast_s3/n_samples":6800,"ood/imagenet_c_gaussian_noise_s3/n_samples":6800,"lr":0.00053608130716701,"epoch":12,"ood/imagenet_c_defocus_blur_s3/loss":2.9323224073297838,"train/acc":43.79989114658926,"ood/imagenet_c_fog_s3/n_samples":6800,"_wandb":{"runtime":4892},"val/acc":50.470588235294116,"train/loss":2.8205428213443398,"ood/imagenet_c_gaussian_noise_s3/acc":14.779411764705882,"ood/imagenet_c_fog_s3/loss":3.472344716015984,"_step":11,"val/loss":2.559123468399048}