{"ood/imagenet_sketch/n_samples":6910,"ood/imagenet_c_gaussian_noise_s3/loss":4.0591903910917395,"epoch":25,"ood/imagenet_c_contrast_s3/acc":41.89705882352941,"ood/imagenet_c_contrast_s3/loss":2.4378823942296646,"val/loss":2.3914510053746842,"_runtime":8229,"train/loss":2.521461520035831,"ood/imagenet_a/acc":3.5675082327113063,"ood/imagenet_c_fog_s3/n_samples":6800,"ood/imagenet_c_fog_s3/acc":24.75,"train/acc":52.27685050798258,"ood/imagenet_sketch/loss":4.412159228704428,"ood/imagenet_c_contrast_s3/n_samples":6800,"ood/imagenet_r/loss":4.973545857944798,"ood/imagenet_c_defocus_blur_s3/n_samples":6800,"ood/imagenet_c_gaussian_noise_s3/n_samples":6800,"ood/imagenet_sketch/acc":15.137481910274964,"_wandb":{"runtime":8229},"ood/imagenet_c_defocus_blur_s3/acc":38.5,"ood/imagenet_c_defocus_blur_s3/loss":2.6142095846288345,"lr":1e-05,"ood/imagenet_r/acc":12.28424346421722,"ood/imagenet_c_gaussian_noise_s3/acc":15.705882352941176,"ood/imagenet_r/n_classes":57,"ood/imagenet_r/n_samples":9907,"ood/imagenet_a/n_samples":1822,"ood/imagenet_c/mean_acc":30.213235294117645,"ood/imagenet_a/n_classes":48,"_step":24,"ood/imagenet_sketch/n_classes":136,"ood/imagenet_c_fog_s3/loss":3.3582199624005487,"ood/imagenet_a/loss":5.405586518519011,"val/acc":56.294117647058826,"_timestamp":1.773745044381077e+09}