{"epoch":25,"ood/imagenet_r/n_samples":9907,"ood/imagenet_r/loss":4.942271667904794,"ood/imagenet_sketch/n_classes":136,"ood/imagenet_c_contrast_s3/loss":2.451853781307445,"ood/imagenet_c_defocus_blur_s3/loss":3.0534117592082306,"ood/imagenet_c_gaussian_noise_s3/loss":3.036198023066801,"ood/imagenet_c_contrast_s3/n_samples":6800,"ood/imagenet_a/acc":2.689352360043908,"ood/imagenet_c_gaussian_noise_s3/n_samples":6800,"ood/imagenet_c/mean_acc":38.93382352941176,"ood/imagenet_c_contrast_s3/acc":45.6764705882353,"ood/imagenet_c_defocus_blur_s3/n_samples":6800,"ood/imagenet_c_gaussian_noise_s3/acc":35.838235294117645,"ood/imagenet_c_fog_s3/loss":2.7487871938593247,"ood/imagenet_sketch/n_samples":6910,"train/loss":1.8738388260839987,"ood/imagenet_c_defocus_blur_s3/acc":33.955882352941174,"_timestamp":1.773743077688396e+09,"ood/imagenet_sketch/loss":3.758540070143174,"ood/imagenet_a/loss":5.508683611872953,"ood/imagenet_r/acc":11.234480670233168,"_wandb":{"runtime":6262},"val/acc":72.51470588235294,"val/loss":1.7898916266946232,"ood/imagenet_r/n_classes":57,"ood/imagenet_sketch/acc":21.924746743849493,"train/acc":70.62488661103048,"ood/imagenet_a/n_classes":48,"ood/imagenet_c_fog_s3/n_samples":6800,"lr":1e-05,"ood/imagenet_c_fog_s3/acc":40.26470588235294,"ood/imagenet_a/n_samples":1822,"_runtime":6262,"_step":24}