{
  "ood/imagenet_r/acc": 19.37014232360957,
  "ood/imagenet_r/loss": 4.458477417443467,
  "ood/imagenet_r/n_samples": 9907,
  "ood/imagenet_r/n_classes": 57,
  "ood/imagenet_sketch/acc": 26.396526772793052,
  "ood/imagenet_sketch/loss": 3.666837279599931,
  "ood/imagenet_sketch/n_samples": 6910,
  "ood/imagenet_sketch/n_classes": 136,
  "ood/imagenet_a/acc": 4.281009879253568,
  "ood/imagenet_a/loss": 5.341369558244322,
  "ood/imagenet_a/n_samples": 1822,
  "ood/imagenet_a/n_classes": 48
}