{"ood/imagenet_c_fog_s3/loss":4.017507178362678,"ood/imagenet_c/mean_acc":16.246323529411764,"ood/imagenet_c_contrast_s3/acc":18.83823529411765,"ood/imagenet_c_defocus_blur_s3/acc":20.191176470588236,"_runtime":3105,"ood/imagenet_c_fog_s3/n_samples":6800,"ood/imagenet_c_contrast_s3/n_samples":6800,"_wandb":{"runtime":3105},"train/loss":3.5302553661329825,"epoch":8,"val/acc":32.411764705882355,"ood/imagenet_c_fog_s3/acc":11.794117647058824,"_timestamp":1.7736693249663568e+09,"ood/imagenet_c_contrast_s3/loss":3.54466854207656,"ood/imagenet_c_defocus_blur_s3/loss":3.535051898395314,"train/acc":26.34876179245283,"ood/imagenet_c_defocus_blur_s3/n_samples":6800,"ood/imagenet_c_gaussian_noise_s3/loss":4.080420013315537,"ood/imagenet_c_gaussian_noise_s3/acc":14.161764705882353,"val/loss":3.2535065583621754,"_step":7,"ood/imagenet_c_gaussian_noise_s3/n_samples":6800,"lr":0.0007702342635146031}