{"ood/imagenet_r/loss":4.816578649374748,"ood/imagenet_a/acc":3.1833150384193196,"_timestamp":1.773745044205709e+09,"ood/imagenet_a/loss":5.385652209741486,"train/loss":2.4482322659651667,"ood/imagenet_c_fog_s3/loss":3.224268576678108,"ood/imagenet_r/acc":13.49550822650651,"val/loss":2.3069050154966466,"ood/imagenet_c_defocus_blur_s3/acc":33.970588235294116,"ood/imagenet_r/n_samples":9907,"epoch":25,"ood/imagenet_sketch/loss":4.192874755804169,"ood/imagenet_c/mean_acc":31.286764705882355,"ood/imagenet_c_contrast_s3/loss":2.310097119948443,"ood/imagenet_c_defocus_blur_s3/loss":2.873980052611407,"ood/imagenet_sketch/n_classes":136,"ood/imagenet_c_gaussian_noise_s3/loss":3.793581121108111,"ood/imagenet_c_contrast_s3/n_samples":6800,"ood/imagenet_c_gaussian_noise_s3/n_samples":6800,"_wandb":{"runtime":8226},"ood/imagenet_r/n_classes":57,"ood/imagenet_c_contrast_s3/acc":44.64705882352941,"ood/imagenet_sketch/acc":17.27930535455861,"ood/imagenet_sketch/n_samples":6910,"ood/imagenet_a/n_samples":1822,"ood/imagenet_c_gaussian_noise_s3/acc":19.86764705882353,"ood/imagenet_c_fog_s3/acc":26.66176470588235,"_step":24,"ood/imagenet_c_fog_s3/n_samples":6800,"val/acc":58.1764705882353,"ood/imagenet_c_defocus_blur_s3/n_samples":6800,"_runtime":8226,"ood/imagenet_a/n_classes":48,"train/acc":54.600190493468794,"lr":1e-05}