{
  "ood/imagenet_r/acc": 18.915918037751084,
  "ood/imagenet_r/loss": 4.516137975706418,
  "ood/imagenet_r/n_samples": 9907,
  "ood/imagenet_r/n_classes": 57,
  "ood/imagenet_sketch/acc": 25.8465991316932,
  "ood/imagenet_sketch/loss": 3.691200994306639,
  "ood/imagenet_sketch/n_samples": 6910,
  "ood/imagenet_sketch/n_classes": 136,
  "ood/imagenet_a/acc": 4.281009879253568,
  "ood/imagenet_a/loss": 5.3761970167233315,
  "ood/imagenet_a/n_samples": 1822,
  "ood/imagenet_a/n_classes": 48
}