{"ood/imagenet_c_gaussian_noise_s3/n_samples":6800,"ood/imagenet_c_defocus_blur_s3/n_samples":6800,"train/loss":4.7779106948476056,"ood/imagenet_c_contrast_s3/acc":3.3970588235294117,"train/acc":2.4049800435413644,"val/acc":6.044117647058823,"ood/imagenet_c_contrast_s3/n_samples":6800,"ood/imagenet_c_defocus_blur_s3/acc":5.073529411764706,"_timestamp":1.7736661944792235e+09,"ood/imagenet_c_gaussian_noise_s3/acc":5,"_step":0,"_wandb":{"runtime":564},"lr":0.0009960967771506667,"ood/imagenet_c_gaussian_noise_s3/loss":4.498201835856718,"_runtime":564,"epoch":1,"ood/imagenet_c_fog_s3/acc":3.323529411764706,"ood/imagenet_c_contrast_s3/loss":4.6601966083751005,"val/loss":4.486089659298168,"ood/imagenet_c/mean_acc":4.1985294117647065,"ood/imagenet_c_defocus_blur_s3/loss":4.483935977150412,"ood/imagenet_c_fog_s3/n_samples":6800,"ood/imagenet_c_fog_s3/loss":4.737303973927218}