{"_runtime":3093,"ood/imagenet_c_contrast_s3/acc":27.764705882352942,"ood/imagenet_c_fog_s3/n_samples":6800,"ood/imagenet_c_gaussian_noise_s3/n_samples":6800,"ood/imagenet_c_gaussian_noise_s3/acc":15.691176470588236,"lr":0.0007702342635146031,"val/acc":35.779411764705884,"_timestamp":1.7736693182756917e+09,"ood/imagenet_c_defocus_blur_s3/loss":3.11359845273635,"ood/imagenet_c/mean_acc":22.11764705882353,"_wandb":{"runtime":3093},"train/loss":3.3667931189903846,"train/acc":29.828102322206096,"_step":7,"ood/imagenet_c_defocus_blur_s3/n_samples":6800,"ood/imagenet_c_gaussian_noise_s3/loss":3.9994628569659065,"ood/imagenet_c_contrast_s3/n_samples":6800,"ood/imagenet_c_contrast_s3/loss":3.074683881086462,"val/loss":3.134413454392377,"ood/imagenet_c_defocus_blur_s3/acc":27.676470588235293,"ood/imagenet_c_fog_s3/acc":17.33823529411765,"epoch":8,"ood/imagenet_c_fog_s3/loss":3.7148632722742416}