{"val/acc":52.279411764705884,"train/acc":45.938974056603776,"ood/imagenet_c/mean_acc":30.044117647058826,"_step":17,"ood/imagenet_c_gaussian_noise_s3/acc":14.264705882352942,"epoch":18,"ood/imagenet_c_contrast_s3/n_samples":6800,"ood/imagenet_c_gaussian_noise_s3/n_samples":6800,"_wandb":{"runtime":5805},"ood/imagenet_c_defocus_blur_s3/acc":31.779411764705884,"ood/imagenet_c_contrast_s3/acc":44.05882352941177,"ood/imagenet_c_fog_s3/n_samples":6800,"lr":0.00018947512507439852,"ood/imagenet_c_defocus_blur_s3/n_samples":6800,"ood/imagenet_c_fog_s3/acc":30.073529411764707,"ood/imagenet_c_gaussian_noise_s3/loss":4.219286821028765,"val/loss":2.5012669041577507,"_runtime":5805,"ood/imagenet_c_contrast_s3/loss":2.3407279053856347,"train/loss":2.732973051694031,"ood/imagenet_c_defocus_blur_s3/loss":2.9323159245883716,"_timestamp":1.7736617575252473e+09,"ood/imagenet_c_fog_s3/loss":3.0183489681692683}