{
  "ood/imagenet_r/acc": 12.59715352780862,
  "ood/imagenet_r/loss": 4.911820075147819,
  "ood/imagenet_r/n_samples": 9907,
  "ood/imagenet_r/n_classes": 57,
  "ood/imagenet_sketch/acc": 14.573082489146165,
  "ood/imagenet_sketch/loss": 4.423053630768131,
  "ood/imagenet_sketch/n_samples": 6910,
  "ood/imagenet_sketch/n_classes": 136,
  "ood/imagenet_a/acc": 3.4577387486278814,
  "ood/imagenet_a/loss": 5.38446587396113,
  "ood/imagenet_a/n_samples": 1822,
  "ood/imagenet_a/n_classes": 48
}