{"ood/imagenet_c_contrast_s3/n_samples":6800,"ood/imagenet_c_defocus_blur_s3/n_samples":6800,"ood/imagenet_c_contrast_s3/loss":4.0218534492043885,"ood/imagenet_c_fog_s3/n_samples":6800,"val/loss":3.885952813204597,"ood/imagenet_c/mean_acc":12.143382352941176,"ood/imagenet_c_contrast_s3/acc":12.455882352941176,"ood/imagenet_c_gaussian_noise_s3/loss":3.8732257439108455,"_step":4,"_timestamp":1.7736694886333408e+09,"ood/imagenet_c_defocus_blur_s3/loss":3.731899283914005,"ood/imagenet_c_defocus_blur_s3/acc":16.941176470588236,"lr":0.0009054634122155989,"train/loss":4.159742380261248,"ood/imagenet_c_fog_s3/acc":4,"_runtime":2906,"epoch":5,"ood/imagenet_c_gaussian_noise_s3/n_samples":6800,"_wandb":{"runtime":2906},"ood/imagenet_c_fog_s3/loss":4.916293976727654,"val/acc":18.220588235294116,"train/acc":12.97850145137881,"ood/imagenet_c_gaussian_noise_s3/acc":15.176470588235293}