{"ood/imagenet_c_contrast_s3/n_samples":6800,"ood/imagenet_r/n_classes":57,"ood/imagenet_c_gaussian_noise_s3/loss":3.805301342571483,"ood/imagenet_c_fog_s3/loss":3.0865867053761202,"ood/imagenet_a/loss":5.424106500543957,"_runtime":10003,"_timestamp":1.7737468493396134e+09,"train/loss":2.297538856982493,"ood/imagenet_a/acc":3.293084522502744,"lr":1e-05,"ood/imagenet_r/loss":4.82116518788806,"val/loss":2.1892935733234182,"ood/imagenet_a/n_classes":48,"ood/imagenet_c_contrast_s3/loss":2.2194044637680053,"_wandb":{"runtime":10003},"ood/imagenet_c_contrast_s3/acc":46.455882352941174,"ood/imagenet_c_fog_s3/acc":29.735294117647058,"ood/imagenet_sketch/acc":17.9739507959479,"train/acc":58.53422079100145,"ood/imagenet_c_defocus_blur_s3/acc":39.279411764705884,"ood/imagenet_c_fog_s3/n_samples":6800,"ood/imagenet_c_defocus_blur_s3/n_samples":6800,"ood/imagenet_a/n_samples":1822,"ood/imagenet_r/acc":14.101140607651155,"val/acc":60.86764705882353,"_step":24,"ood/imagenet_r/n_samples":9907,"ood/imagenet_sketch/n_samples":6910,"ood/imagenet_c_defocus_blur_s3/loss":2.6131770885691923,"ood/imagenet_sketch/n_classes":136,"ood/imagenet_sketch/loss":4.1985476125339005,"ood/imagenet_c_gaussian_noise_s3/n_samples":6800,"ood/imagenet_c/mean_acc":33.71323529411765,"epoch":25,"ood/imagenet_c_gaussian_noise_s3/acc":19.38235294117647}