{"ood/imagenet_c/mean_acc":0.9338235294117647,"ood/imagenet_c_gaussian_noise_s3/loss":4.926671644098619,"ood/imagenet_c_contrast_s3/acc":1.1323529411764706,"ood/imagenet_c_defocus_blur_s3/loss":4.922938876432531,"val/loss":4.926699452119715,"ood/imagenet_c_defocus_blur_s3/acc":0.9852941176470589,"ood/imagenet_c_fog_s3/n_samples":6800,"ood/imagenet_c_defocus_blur_s3/n_samples":6800,"_wandb":{"runtime":514},"train/loss":4.92901248129082,"epoch":1,"ood/imagenet_c_contrast_s3/n_samples":6800,"_timestamp":1.773666144654449e+09,"_runtime":514,"val/acc":0.9264705882352942,"_step":0,"ood/imagenet_c_fog_s3/loss":4.928374307295855,"lr":0.0009960967771506667,"ood/imagenet_c_gaussian_noise_s3/n_samples":6800,"ood/imagenet_c_contrast_s3/loss":4.919239432390999,"ood/imagenet_c_fog_s3/acc":0.6911764705882353,"ood/imagenet_c_gaussian_noise_s3/acc":0.9264705882352942,"train/acc":0.8464486574746009}