{
  "ood/imagenet_r/acc": 14.424144544261633,
  "ood/imagenet_r/loss": 4.731494358428927,
  "ood/imagenet_r/n_samples": 9907,
  "ood/imagenet_r/n_classes": 57,
  "ood/imagenet_sketch/acc": 19.84081041968162,
  "ood/imagenet_sketch/loss": 3.9611313603203824,
  "ood/imagenet_sketch/n_samples": 6910,
  "ood/imagenet_sketch/n_classes": 136,
  "ood/imagenet_a/acc": 3.2381997804610316,
  "ood/imagenet_a/loss": 5.333673301826586,
  "ood/imagenet_a/n_samples": 1822,
  "ood/imagenet_a/n_classes": 48
}