{"ood/imagenet_c_fog_s3/n_samples":6800,"_step":0,"ood/imagenet_c_contrast_s3/n_samples":6800,"_runtime":601,"ood/imagenet_c_gaussian_noise_s3/acc":1.5,"val/loss":4.865045886320226,"ood/imagenet_c_fog_s3/loss":4.91637752532959,"_timestamp":1.7736662205340843e+09,"ood/imagenet_c_contrast_s3/acc":1.4264705882352942,"epoch":1,"ood/imagenet_c_gaussian_noise_s3/loss":4.856710708842558,"train/acc":0.9150489840348331,"ood/imagenet_c/mean_acc":1.349264705882353,"train/loss":4.930997142597968,"ood/imagenet_c_defocus_blur_s3/acc":1.6176470588235294,"ood/imagenet_c_gaussian_noise_s3/n_samples":6800,"_wandb":{"runtime":601},"ood/imagenet_c_contrast_s3/loss":4.842547674740062,"val/acc":1.5441176470588236,"lr":0.0009960967771506667,"ood/imagenet_c_defocus_blur_s3/n_samples":6800,"ood/imagenet_c_fog_s3/acc":0.8529411764705882,"ood/imagenet_c_defocus_blur_s3/loss":4.856168999391444}