{"ood/imagenet_c_gaussian_noise_s3/acc":27.558823529411764,"ood/imagenet_c_contrast_s3/acc":31.91176470588235,"ood/imagenet_c_contrast_s3/loss":3.076456049750833,"_timestamp":1.7736692606164396e+09,"train/loss":2.619231513345882,"ood/imagenet_c_defocus_blur_s3/acc":25.691176470588236,"ood/imagenet_c_fog_s3/n_samples":6800,"_runtime":2980,"ood/imagenet_c_defocus_blur_s3/loss":3.4353047258713665,"ood/imagenet_c/mean_acc":28.606617647058822,"ood/imagenet_c_contrast_s3/n_samples":6800,"train/acc":49.16205551523948,"ood/imagenet_c_fog_s3/loss":3.2633512048160327,"_step":8,"ood/imagenet_c_gaussian_noise_s3/loss":3.3419800360062544,"_wandb":{"runtime":2980},"epoch":9,"ood/imagenet_c_gaussian_noise_s3/n_samples":6800,"val/loss":2.4495001680710735,"ood/imagenet_c_defocus_blur_s3/n_samples":6800,"lr":0.0007157607493247108,"val/acc":53.63235294117647,"ood/imagenet_c_fog_s3/acc":29.264705882352942}