{"val/acc":75.1470588235294,"ood/imagenet_c_fog_s3/acc":46.529411764705884,"_wandb":{"runtime":12295},"ood/imagenet_c_gaussian_noise_s3/n_samples":6800,"ood/imagenet_c_contrast_s3/loss":2.32123140335083,"train/acc":72.10858127721335,"ood/imagenet_r/n_samples":9907,"ood/imagenet_c_defocus_blur_s3/loss":2.7016634525972254,"_runtime":12295,"epoch":25,"ood/imagenet_a/acc":4.829857299670691,"_step":24,"ood/imagenet_c_defocus_blur_s3/acc":38.1764705882353,"ood/imagenet_a/n_samples":1822,"ood/imagenet_r/n_classes":57,"ood/imagenet_a/loss":5.321775368879969,"ood/imagenet_c/mean_acc":39.83088235294118,"ood/imagenet_c_gaussian_noise_s3/loss":3.105284598855411,"_timestamp":1.7737491748424275e+09,"ood/imagenet_c_fog_s3/n_samples":6800,"ood/imagenet_c_defocus_blur_s3/n_samples":6800,"lr":1e-05,"val/loss":1.705999300620135,"ood/imagenet_a/n_classes":48,"ood/imagenet_sketch/n_classes":136,"train/loss":1.821603362549891,"ood/imagenet_sketch/n_samples":6910,"ood/imagenet_c_fog_s3/loss":2.2840693642111387,"ood/imagenet_c_contrast_s3/n_samples":6800,"ood/imagenet_c_gaussian_noise_s3/acc":30.455882352941178,"ood/imagenet_sketch/acc":26.71490593342981,"ood/imagenet_c_contrast_s3/acc":44.161764705882355,"ood/imagenet_r/acc":19.37014232360957,"ood/imagenet_r/loss":4.4561772969316085,"ood/imagenet_sketch/loss":3.674337149011416}