{"ood/imagenet_c_contrast_s3/n_samples":6800,"ood/imagenet_a/n_samples":1822,"_step":24,"_runtime":13803,"val/loss":2.2750268016142003,"ood/imagenet_c_gaussian_noise_s3/loss":3.6771560332354376,"ood/imagenet_sketch/loss":4.386286756512742,"ood/imagenet_c/mean_acc":32.466911764705884,"ood/imagenet_c_fog_s3/n_samples":6800,"ood/imagenet_r/acc":13.49550822650651,"lr":1e-05,"ood/imagenet_r/n_samples":9907,"ood/imagenet_c_fog_s3/acc":25.441176470588236,"ood/imagenet_c_gaussian_noise_s3/n_samples":6800,"train/loss":2.388348716436865,"ood/imagenet_c_defocus_blur_s3/loss":2.5964706757489373,"ood/imagenet_c_contrast_s3/loss":2.389709841784309,"ood/imagenet_a/n_classes":48,"_timestamp":1.7737506563400323e+09,"ood/imagenet_c_defocus_blur_s3/n_samples":6800,"ood/imagenet_c_defocus_blur_s3/acc":39.30882352941177,"ood/imagenet_r/n_classes":57,"ood/imagenet_r/loss":4.864412609667136,"ood/imagenet_a/loss":5.450859796333522,"_wandb":{"runtime":13803},"val/acc":59.720588235294116,"ood/imagenet_sketch/n_samples":6910,"ood/imagenet_sketch/n_classes":136,"ood/imagenet_c_contrast_s3/acc":42.970588235294116,"ood/imagenet_a/acc":3.622392974753019,"ood/imagenet_sketch/acc":15.32561505065123,"train/acc":56.30952920899855,"ood/imagenet_c_gaussian_noise_s3/acc":22.147058823529413,"epoch":25,"ood/imagenet_c_fog_s3/loss":3.327372824724983}