{"ood/imagenet_c_contrast_s3/loss":2.797869992536657,"val/loss":2.584561886506922,"ood/imagenet_c_fog_s3/n_samples":6800,"ood/imagenet_c_gaussian_noise_s3/n_samples":6800,"ood/imagenet_c_fog_s3/loss":3.3174944518594183,"ood/imagenet_c_gaussian_noise_s3/loss":4.058468778834624,"ood/imagenet_c_defocus_blur_s3/loss":2.8386712438919965,"ood/imagenet_c_contrast_s3/n_samples":6800,"_timestamp":1.773661634250955e+09,"ood/imagenet_c_contrast_s3/acc":34.588235294117645,"ood/imagenet_c_defocus_blur_s3/acc":32.86764705882353,"ood/imagenet_c/mean_acc":27.191176470588232,"ood/imagenet_c_fog_s3/acc":25.205882352941178,"_step":11,"ood/imagenet_c_gaussian_noise_s3/acc":16.102941176470587,"_wandb":{"runtime":4881},"ood/imagenet_c_defocus_blur_s3/n_samples":6800,"epoch":12,"val/acc":50.63235294117647,"lr":0.00053608130716701,"train/acc":44.32374818577649,"_runtime":4881,"train/loss":2.80529749722197}