{"epoch":1,"lr":0.0009960967771506667,"ood/imagenet_c_fog_s3/n_samples":6800,"ood/imagenet_c_gaussian_noise_s3/loss":4.720594698962043,"_timestamp":1.773666193450586e+09,"ood/imagenet_c_gaussian_noise_s3/n_samples":6800,"ood/imagenet_c_contrast_s3/loss":4.777007987078498,"ood/imagenet_c_defocus_blur_s3/n_samples":6800,"_runtime":583,"ood/imagenet_c_gaussian_noise_s3/acc":3.0588235294117645,"ood/imagenet_c_fog_s3/loss":4.896808076746323,"val/loss":4.7147360824136175,"ood/imagenet_c_contrast_s3/n_samples":6800,"ood/imagenet_c_fog_s3/acc":1.5441176470588236,"ood/imagenet_c/mean_acc":2.415441176470588,"_wandb":{"runtime":583},"train/loss":4.8647613303927795,"ood/imagenet_c_defocus_blur_s3/acc":2.75,"ood/imagenet_c_contrast_s3/acc":2.3088235294117645,"ood/imagenet_c_defocus_blur_s3/loss":4.680688190460205,"val/acc":2.911764705882353,"train/acc":1.5987844702467344,"_step":0}