{"val/loss":2.6277133621889,"ood/imagenet_c_gaussian_noise_s3/loss":4.380203473147224,"ood/imagenet_c_defocus_blur_s3/n_samples":6800,"train/acc":45.30909833091437,"lr":0.00023976573648539648,"ood/imagenet_c_contrast_s3/n_samples":6800,"_timestamp":1.7736614300607913e+09,"val/acc":49.338235294117645,"ood/imagenet_c_defocus_blur_s3/acc":35.794117647058826,"ood/imagenet_c_gaussian_noise_s3/n_samples":6800,"_wandb":{"runtime":5790},"train/loss":2.7714964225780117,"epoch":17,"_runtime":5790,"ood/imagenet_c_fog_s3/loss":3.718222277024213,"ood/imagenet_c_fog_s3/n_samples":6800,"ood/imagenet_c_fog_s3/acc":18.073529411764707,"ood/imagenet_c_contrast_s3/loss":2.696374464596019,"ood/imagenet_c_gaussian_noise_s3/acc":13.132352941176471,"ood/imagenet_c_defocus_blur_s3/loss":2.7559815619973573,"ood/imagenet_c_contrast_s3/acc":36.35294117647059,"ood/imagenet_c/mean_acc":25.838235294117645,"_step":16}