{"ood/imagenet_c_gaussian_noise_s3/loss":4.010314834819121,"val/loss":2.506870522218592,"ood/imagenet_c_gaussian_noise_s3/n_samples":6800,"ood/imagenet_c/mean_acc":29.779411764705884,"train/acc":48.0905297532656,"ood/imagenet_c_contrast_s3/n_samples":6800,"ood/imagenet_c_contrast_s3/acc":44.39705882352941,"epoch":17,"ood/imagenet_c_defocus_blur_s3/acc":34.779411764705884,"ood/imagenet_c_contrast_s3/loss":2.3579125589482923,"_step":16,"_wandb":{"runtime":5785},"val/acc":53.13235294117647,"_runtime":5785,"lr":0.00023976573648539648,"ood/imagenet_c_fog_s3/n_samples":6800,"ood/imagenet_c_fog_s3/loss":3.397247904609231,"train/loss":2.6659029447115383,"ood/imagenet_c_defocus_blur_s3/n_samples":6800,"ood/imagenet_c_fog_s3/acc":23.294117647058822,"ood/imagenet_c_gaussian_noise_s3/acc":16.647058823529413,"ood/imagenet_c_defocus_blur_s3/loss":2.8165430708492503,"_timestamp":1.773661421275468e+09}