{"ood/imagenet_c_fog_s3/n_samples":6800,"train/acc":44.43770410014514,"_timestamp":1.7736612417694342e+09,"epoch":11,"ood/imagenet_c_gaussian_noise_s3/n_samples":6800,"_runtime":4874,"ood/imagenet_c_contrast_s3/loss":2.864486021715052,"_step":10,"ood/imagenet_c_contrast_s3/acc":32.19117647058823,"ood/imagenet_c_gaussian_noise_s3/loss":3.9120129125258503,"val/acc":48.294117647058826,"ood/imagenet_c_gaussian_noise_s3/acc":19.176470588235293,"train/loss":2.7970284294493832,"ood/imagenet_c_fog_s3/acc":27.102941176470587,"lr":0.0005977537507199336,"ood/imagenet_c_fog_s3/loss":3.1787022848690256,"ood/imagenet_c_defocus_blur_s3/acc":34,"val/loss":2.655887099995333,"ood/imagenet_c_defocus_blur_s3/n_samples":6800,"ood/imagenet_c_defocus_blur_s3/loss":2.8327764561597037,"ood/imagenet_c_contrast_s3/n_samples":6800,"_wandb":{"runtime":4874},"ood/imagenet_c/mean_acc":28.11764705882353}